timestamp,turbidity_NTU,temperature_C,pH,DO_mg_L,TDS_ppm,ammonia_ppm,water_quality,replace_action
2025-10-01 00:00:00,3.5,26.52,7.16,5.57,162.7,0.125,clean,0
2025-10-01 00:10:00,2.86,25.73,6.9,6.31,137.4,0.015,clean,0
2025-10-01 00:20:00,3.65,26.66,7.3,6.6,167.9,0.091,clean,0
2025-10-01 00:30:00,4.52,26.1,7.01,6.72,194.4,0.059,clean,0
2025-10-01 00:40:00,2.77,27.04,7.21,6.25,187.8,0.141,clean,0
2025-10-01 00:50:00,2.77,25.66,7.24,6.52,176.7,0.154,clean,0
2025-10-01 01:00:00,4.58,26.87,7.4,5.26,179.7,0.0,clean,0
2025-10-01 01:10:00,3.77,26.1,7.0,6.17,169.7,0.099,clean,0
2025-10-01 01:20:00,2.53,25.67,6.75,6.73,183.1,0.156,clean,0
2025-10-01 01:30:00,3.54,25.76,7.23,6.01,191.5,0.091,clean,0
2025-10-01 01:40:00,2.54,25.84,7.47,6.53,155.8,0.136,clean,0
2025-10-01 01:50:00,2.53,26.21,7.39,6.72,184.5,0.118,clean,0
2025-10-01 02:00:00,3.24,26.26,7.23,6.33,194.0,0.117,clean,0
2025-10-01 02:10:00,1.09,25.71,7.13,6.59,173.8,0.086,clean,0
2025-10-01 02:20:00,1.28,25.99,7.32,6.02,190.5,0.039,clean,0
2025-10-01 02:30:00,2.44,27.07,7.05,6.4,222.2,0.044,clean,0
2025-10-01 02:40:00,1.99,26.86,7.27,6.81,178.4,0.135,clean,0
2025-10-01 02:50:00,3.31,26.22,7.28,6.58,185.9,0.101,clean,0
2025-10-01 03:00:00,2.09,26.02,7.36,6.21,168.9,0.093,clean,0
2025-10-01 03:10:00,1.59,26.06,7.61,6.61,182.7,0.079,clean,0
2025-10-01 03:20:00,4.47,26.31,7.26,6.86,186.9,0.085,clean,0
2025-10-01 03:30:00,2.77,25.49,7.12,5.48,182.9,0.152,clean,0
2025-10-01 03:40:00,3.07,25.87,7.2,7.08,164.7,0.083,clean,0
2025-10-01 03:50:00,1.58,25.17,6.93,6.33,183.1,0.033,clean,0
2025-10-01 04:00:00,2.46,26.2,7.1,6.71,201.9,0.137,clean,0
2025-10-01 04:10:00,3.11,26.32,7.14,7.1,186.7,0.09,clean,0
2025-10-01 04:20:00,1.85,25.76,7.12,5.81,194.4,0.102,clean,0
2025-10-01 04:30:00,3.38,26.79,7.22,6.15,176.4,0.18,clean,0
2025-10-01 04:40:00,2.4,25.39,7.08,6.36,191.2,0.099,clean,0
2025-10-01 04:50:00,2.71,25.27,7.37,6.11,184.2,0.114,clean,0
2025-10-01 05:00:00,2.4,26.11,7.2,7.37,165.7,0.041,clean,0
2025-10-01 05:10:00,4.85,26.52,7.2,6.07,184.8,0.089,clean,0
2025-10-01 05:20:00,2.99,26.84,7.15,6.22,165.1,0.13,clean,0
2025-10-01 05:30:00,1.94,25.77,7.22,6.6,170.5,0.022,clean,0
2025-10-01 05:40:00,3.82,26.54,7.32,5.9,182.8,0.11,clean,0
2025-10-01 05:50:00,1.78,25.98,7.07,6.3,184.5,0.105,clean,0
2025-10-01 06:00:00,3.21,25.91,7.1,6.66,162.2,0.102,clean,0
2025-10-01 06:10:00,1.04,26.44,7.15,6.33,195.8,0.152,clean,0
2025-10-01 06:20:00,1.67,26.33,7.0,6.45,188.6,0.117,clean,0
2025-10-01 06:30:00,3.2,25.21,7.08,6.24,169.4,0.174,clean,0
2025-10-01 06:40:00,3.74,26.74,7.13,5.74,156.9,0.05,clean,0
2025-10-01 06:50:00,3.17,26.69,7.33,6.66,177.8,0.107,clean,0
2025-10-01 07:00:00,2.88,25.69,7.24,7.38,173.3,0.104,clean,0
2025-10-01 07:10:00,2.7,26.2,7.23,6.51,181.7,0.047,clean,0
2025-10-01 07:20:00,1.52,26.25,7.33,6.61,174.6,0.148,clean,0
2025-10-01 07:30:00,2.28,26.13,7.18,6.85,149.9,0.216,clean,0
2025-10-01 07:40:00,2.54,25.72,7.26,5.87,174.2,0.099,clean,0
2025-10-01 07:50:00,4.06,25.66,7.18,7.35,175.4,0.125,clean,0
2025-10-01 08:00:00,3.34,25.99,7.24,6.6,189.5,0.104,clean,0
2025-10-01 08:10:00,1.24,26.59,7.11,7.32,169.5,0.064,clean,0
2025-10-01 08:20:00,3.32,26.27,6.83,6.13,205.2,0.009,clean,0
2025-10-01 08:30:00,2.61,25.81,7.18,7.41,151.3,0.065,clean,0
2025-10-01 08:40:00,2.32,26.39,7.41,6.89,199.7,0.03,clean,0
2025-10-01 08:50:00,3.61,24.58,7.34,6.78,176.6,0.185,clean,0
2025-10-01 09:00:00,4.03,26.57,7.34,6.62,192.9,0.094,clean,0
2025-10-01 09:10:00,3.93,25.13,7.39,6.38,181.2,0.083,clean,0
2025-10-01 09:20:00,2.16,25.82,7.21,7.1,197.1,0.144,clean,0
2025-10-01 09:30:00,2.69,25.44,7.23,6.57,174.2,0.044,clean,0
2025-10-01 09:40:00,3.33,25.35,7.11,5.52,163.5,0.062,clean,0
2025-10-01 09:50:00,3.98,26.58,7.15,5.94,201.3,0.103,clean,0
2025-10-01 10:00:00,2.52,25.77,7.29,6.41,178.3,0.151,clean,0
2025-10-01 10:10:00,2.81,26.17,7.38,6.65,183.3,0.125,clean,0
2025-10-01 10:20:00,1.89,25.98,7.18,6.47,198.5,0.112,clean,0
2025-10-01 10:30:00,1.8,26.24,7.13,7.11,164.5,0.104,clean,0
2025-10-01 10:40:00,3.81,26.04,7.2,5.52,188.9,0.12,clean,0
2025-10-01 10:50:00,4.36,25.36,7.29,6.57,171.2,0.11,clean,0
2025-10-01 11:00:00,2.93,26.5,6.98,5.59,178.0,0.049,clean,0
2025-10-01 11:10:00,4.0,25.75,6.86,6.88,181.1,0.102,clean,0
2025-10-01 11:20:00,3.36,25.22,7.12,6.45,157.5,0.046,clean,0
2025-10-01 11:30:00,2.35,25.79,7.02,6.71,168.3,0.104,clean,0
2025-10-01 11:40:00,3.36,26.75,7.12,6.07,200.3,0.076,clean,0
2025-10-01 11:50:00,4.54,26.43,7.18,7.14,193.3,0.227,clean,0
2025-10-01 12:00:00,2.96,25.83,7.13,7.02,179.1,0.098,clean,0
2025-10-01 12:10:00,4.56,25.83,7.42,6.79,183.6,0.03,clean,0
2025-10-01 12:20:00,0.38,25.84,7.25,6.44,175.6,0.093,clean,0
2025-10-01 12:30:00,3.82,27.04,7.25,6.79,200.3,0.126,clean,0
2025-10-01 12:40:00,3.09,26.19,7.29,6.15,177.0,0.184,clean,0
2025-10-01 12:50:00,2.7,26.22,7.03,6.93,183.5,0.071,clean,0
2025-10-01 13:00:00,3.09,26.52,7.36,7.32,197.2,0.021,clean,0
2025-10-01 13:10:00,1.01,26.12,7.19,7.04,168.3,0.141,clean,0
2025-10-01 13:20:00,2.78,25.87,7.3,6.14,203.4,0.031,clean,0
2025-10-01 13:30:00,3.36,25.9,7.04,6.68,157.0,0.078,clean,0
2025-10-01 13:40:00,4.48,25.96,6.97,5.85,204.4,0.087,clean,0
2025-10-01 13:50:00,2.48,25.98,7.32,6.79,174.4,0.097,clean,0
2025-10-01 14:00:00,2.19,26.36,7.26,6.73,176.4,0.134,clean,0
2025-10-01 14:10:00,2.5,26.03,7.06,5.57,151.6,0.066,clean,0
2025-10-01 14:20:00,3.92,26.37,7.07,5.92,173.2,0.086,clean,0
2025-10-01 14:30:00,3.33,25.96,7.37,6.36,164.4,0.099,clean,0
2025-10-01 14:40:00,2.47,26.04,7.02,6.35,170.9,0.107,clean,0
2025-10-01 14:50:00,3.51,25.0,7.45,5.9,177.9,0.105,clean,0
2025-10-01 15:00:00,3.1,26.46,7.06,6.69,194.4,0.122,clean,0
2025-10-01 15:10:00,3.97,26.17,7.3,6.63,183.1,0.142,clean,0
2025-10-01 15:20:00,0.08,26.5,7.15,6.4,184.6,0.19,clean,0
2025-10-01 15:30:00,2.47,24.55,7.29,5.97,163.6,0.184,clean,0
2025-10-01 15:40:00,4.75,27.04,7.12,6.73,166.8,0.067,clean,0
2025-10-01 15:50:00,3.96,25.93,7.18,6.89,207.0,0.198,clean,0
2025-10-01 16:00:00,7.66,26.55,7.21,5.67,169.0,0.368,clean,0
2025-10-01 16:10:00,9.27,25.48,7.05,5.46,204.8,0.39,dirty,1
2025-10-01 16:20:00,11.63,26.31,7.31,5.86,176.4,0.326,dirty,1
2025-10-01 16:30:00,10.84,25.47,7.12,5.29,180.0,0.392,dirty,1
2025-10-01 16:40:00,12.21,25.69,7.17,5.25,196.1,0.51,dirty,1
2025-10-01 16:50:00,14.76,26.96,7.05,5.54,199.1,0.656,dirty,1
2025-10-01 17:00:00,16.04,25.9,6.82,4.07,178.3,0.799,dirty,1
2025-10-01 17:10:00,15.62,26.11,7.17,5.54,174.2,0.739,dirty,1
2025-10-01 17:20:00,15.21,26.44,7.56,4.77,179.2,0.819,dirty,1
2025-10-01 17:30:00,19.39,26.25,7.32,4.38,185.1,0.876,dirty,1
2025-10-01 17:40:00,22.66,26.08,7.2,4.39,193.4,0.917,dirty,1
2025-10-01 17:50:00,21.01,26.18,7.16,4.27,180.1,0.993,dirty,1
2025-10-01 18:00:00,24.11,27.2,7.2,3.28,189.3,1.059,dirty,1
2025-10-01 18:10:00,24.09,25.97,7.28,4.74,204.6,1.15,dirty,1
2025-10-01 18:20:00,23.15,26.1,7.02,3.87,185.7,1.294,dirty,1
2025-10-01 18:30:00,26.75,26.53,7.37,3.92,184.7,1.159,dirty,1
2025-10-01 18:40:00,3.06,26.55,7.31,6.98,157.2,0.126,clean,0
2025-10-01 18:50:00,5.46,26.59,7.31,5.99,140.5,0.074,clean,0
2025-10-01 19:00:00,2.81,26.32,7.27,6.74,185.8,0.057,clean,0
2025-10-01 19:10:00,3.3,25.43,7.2,6.37,178.6,0.099,clean,0
2025-10-01 19:20:00,2.97,26.82,7.3,6.92,172.3,0.107,clean,0
2025-10-01 19:30:00,1.83,25.43,7.29,5.44,183.7,0.246,clean,0
2025-10-01 19:40:00,4.14,26.15,7.15,6.45,179.1,0.091,clean,0
2025-10-01 19:50:00,3.75,25.62,7.11,6.2,196.9,0.043,clean,0
2025-10-01 20:00:00,3.79,25.97,7.22,6.72,181.3,0.114,clean,0
2025-10-01 20:10:00,2.09,26.16,7.43,6.74,168.8,0.0,clean,0
2025-10-01 20:20:00,4.4,26.16,7.01,6.15,194.9,0.095,clean,0
2025-10-01 20:30:00,1.6,26.21,6.98,6.14,176.7,0.101,clean,0
2025-10-01 20:40:00,3.59,26.81,7.22,6.44,187.9,0.14,clean,0
2025-10-01 20:50:00,5.19,26.23,7.21,6.05,172.8,0.149,clean,0
2025-10-01 21:00:00,2.01,25.88,7.23,6.92,170.3,0.075,clean,0
2025-10-01 21:10:00,2.43,26.48,7.24,6.32,181.3,0.092,clean,0
2025-10-01 21:20:00,3.1,26.59,7.17,5.05,180.2,0.062,clean,0
2025-10-01 21:30:00,2.5,25.39,7.42,6.31,187.2,0.044,clean,0
2025-10-01 21:40:00,1.45,26.3,6.96,5.98,176.0,0.115,clean,0
2025-10-01 21:50:00,3.07,26.35,7.08,5.68,152.5,0.036,clean,0
2025-10-01 22:00:00,1.94,25.85,7.18,5.88,173.5,0.079,clean,0
2025-10-01 22:10:00,3.47,26.69,6.95,6.55,191.9,0.05,clean,0
2025-10-01 22:20:00,2.08,25.92,7.17,7.16,175.5,0.127,clean,0
2025-10-01 22:30:00,4.55,26.06,7.45,6.66,176.3,0.19,clean,0
2025-10-01 22:40:00,2.22,25.91,7.2,6.2,194.8,0.035,clean,0
2025-10-01 22:50:00,2.68,26.01,7.23,6.73,169.3,0.007,clean,0
2025-10-01 23:00:00,3.81,25.45,7.01,6.27,156.9,0.094,clean,0
2025-10-01 23:10:00,1.77,25.28,7.11,6.15,177.6,0.101,clean,0
2025-10-01 23:20:00,3.23,26.8,7.14,5.92,172.7,0.111,clean,0
2025-10-01 23:30:00,4.31,25.58,7.15,5.62,165.5,0.078,clean,0
2025-10-01 23:40:00,1.39,25.5,7.39,6.31,177.4,0.09,clean,0
2025-10-01 23:50:00,3.18,24.92,7.28,6.58,187.4,0.118,clean,0
2025-10-02 00:00:00,3.26,25.68,7.03,6.45,179.9,0.152,clean,0
2025-10-02 00:10:00,3.78,25.34,7.24,6.29,184.6,0.002,clean,0
2025-10-02 00:20:00,1.76,26.82,7.27,6.03,207.2,0.082,clean,0
2025-10-02 00:30:00,1.68,26.5,7.37,6.8,174.9,0.111,clean,0
2025-10-02 00:40:00,3.52,25.66,7.44,5.84,184.2,0.054,clean,0
2025-10-02 00:50:00,3.3,27.13,7.05,6.89,172.4,0.187,clean,0
2025-10-02 01:00:00,3.25,26.49,7.08,6.0,167.3,0.068,clean,0
2025-10-02 01:10:00,3.35,25.84,7.01,6.12,171.2,0.098,clean,0
2025-10-02 01:20:00,2.32,24.75,7.16,5.77,172.8,0.128,clean,0
2025-10-02 01:30:00,3.23,27.15,7.27,6.25,185.4,0.07,clean,0
2025-10-02 01:40:00,3.29,25.31,7.35,6.99,215.2,0.008,clean,0
2025-10-02 01:50:00,2.29,25.18,7.19,6.76,169.3,0.079,clean,0
2025-10-02 02:00:00,4.87,26.51,7.15,6.99,173.8,0.151,clean,0
2025-10-02 02:10:00,3.47,27.22,7.22,6.76,179.1,0.083,clean,0
2025-10-02 02:20:00,1.81,26.69,7.07,5.95,185.9,0.058,clean,0
2025-10-02 02:30:00,3.66,26.28,7.51,6.33,184.0,0.146,clean,0
2025-10-02 02:40:00,2.03,26.3,6.96,6.11,199.3,0.083,clean,0
2025-10-02 02:50:00,3.79,26.43,7.23,7.17,143.6,0.074,clean,0
2025-10-02 03:00:00,4.16,26.38,7.5,5.9,144.2,0.107,clean,0
2025-10-02 03:10:00,2.18,26.14,7.2,6.95,172.6,0.139,clean,0
2025-10-02 03:20:00,3.96,26.05,7.17,6.95,196.5,0.219,clean,0
2025-10-02 03:30:00,3.41,25.97,7.15,7.41,156.5,0.141,clean,0
2025-10-02 03:40:00,3.82,25.62,7.17,6.3,134.9,0.158,clean,0
2025-10-02 03:50:00,4.9,25.86,7.41,6.86,188.6,0.075,clean,0
2025-10-02 04:00:00,2.75,25.15,6.87,7.64,183.7,0.049,clean,0
2025-10-02 04:10:00,2.25,25.95,7.43,6.19,163.6,0.103,clean,0
2025-10-02 04:20:00,2.11,25.51,6.99,5.73,165.2,0.105,clean,0
2025-10-02 04:30:00,2.18,25.45,7.16,5.56,165.5,0.046,clean,0
2025-10-02 04:40:00,2.92,26.09,7.14,6.86,181.7,0.091,clean,0
2025-10-02 04:50:00,3.34,26.7,7.29,5.56,170.6,0.12,clean,0
2025-10-02 05:00:00,3.28,26.46,6.96,6.31,187.4,0.118,clean,0
2025-10-02 05:10:00,3.83,25.21,7.27,6.72,137.2,0.125,clean,0
2025-10-02 05:20:00,3.01,25.51,7.5,6.59,167.1,0.115,clean,0
2025-10-02 05:30:00,4.45,26.47,7.0,6.71,163.1,0.075,clean,0
2025-10-02 05:40:00,2.74,25.51,7.23,6.61,176.2,0.074,clean,0
2025-10-02 05:50:00,5.72,25.89,7.1,7.14,171.9,0.04,clean,0
2025-10-02 06:00:00,3.63,26.28,7.26,6.02,192.0,0.189,clean,0
2025-10-02 06:10:00,2.14,25.52,7.2,6.16,152.1,0.101,clean,0
2025-10-02 06:20:00,1.93,26.05,7.1,6.11,180.7,0.089,clean,0
2025-10-02 06:30:00,3.48,25.33,7.27,6.92,188.4,0.054,clean,0
2025-10-02 06:40:00,2.78,25.7,7.47,6.95,207.8,0.247,clean,0
2025-10-02 06:50:00,3.71,26.16,7.17,6.73,172.8,0.046,clean,0
2025-10-02 07:00:00,3.47,25.2,7.31,7.09,184.9,0.079,clean,0
2025-10-02 07:10:00,2.93,26.22,7.01,5.91,152.9,0.121,clean,0
2025-10-02 07:20:00,2.15,25.99,7.06,7.33,144.1,0.13,clean,0
2025-10-02 07:30:00,1.49,26.28,7.27,7.26,192.7,0.148,clean,0
2025-10-02 07:40:00,2.55,26.11,7.42,6.87,179.9,0.19,clean,0
2025-10-02 07:50:00,3.86,26.68,7.25,7.39,197.7,0.125,clean,0
2025-10-02 08:00:00,3.21,26.06,7.15,5.67,159.4,0.047,clean,0
2025-10-02 08:10:00,1.75,25.79,7.2,6.24,187.8,0.087,clean,0
2025-10-02 08:20:00,3.17,26.06,7.01,6.13,208.0,0.115,clean,0
2025-10-02 08:30:00,3.39,26.27,7.29,6.86,186.3,0.203,clean,0
2025-10-02 08:40:00,2.12,26.02,7.33,5.97,184.1,0.03,clean,0
2025-10-02 08:50:00,3.15,26.02,7.13,6.88,180.1,0.16,clean,0
2025-10-02 09:00:00,3.06,25.65,7.13,7.19,156.4,0.109,clean,0
2025-10-02 09:10:00,1.86,25.67,7.24,6.85,200.3,0.142,clean,0
2025-10-02 09:20:00,3.36,25.3,7.13,6.64,170.8,0.095,clean,0
2025-10-02 09:30:00,3.56,26.87,7.19,6.01,187.6,0.058,clean,0
2025-10-02 09:40:00,4.08,25.38,7.51,6.08,156.6,0.138,clean,0
2025-10-02 09:50:00,4.05,25.65,7.16,7.12,162.3,0.133,clean,0
2025-10-02 10:00:00,1.62,25.64,7.15,6.89,201.5,0.149,clean,0
2025-10-02 10:10:00,2.06,26.45,7.1,6.48,174.8,0.099,clean,0
2025-10-02 10:20:00,3.52,25.85,7.31,6.29,201.8,0.07,clean,0
2025-10-02 10:30:00,3.51,26.62,7.17,5.49,178.8,0.022,clean,0
2025-10-02 10:40:00,3.52,25.66,7.1,5.96,152.4,0.141,clean,0
2025-10-02 10:50:00,6.85,26.14,7.4,7.46,193.4,0.121,clean,0
2025-10-02 11:00:00,3.57,25.58,7.41,5.86,171.2,0.052,clean,0
2025-10-02 11:10:00,4.14,27.07,7.11,6.59,190.5,0.073,clean,0
2025-10-02 11:20:00,3.95,25.41,6.92,7.0,180.4,0.077,clean,0
2025-10-02 11:30:00,3.65,26.15,7.35,5.87,156.9,0.026,clean,0
2025-10-02 11:40:00,2.68,26.32,7.1,6.59,182.5,0.059,clean,0
2025-10-02 11:50:00,3.76,26.21,7.32,6.97,212.9,0.043,clean,0
2025-10-02 12:00:00,2.23,25.91,6.9,6.51,187.4,0.079,clean,0
2025-10-02 12:10:00,2.76,25.94,7.33,7.93,179.1,0.063,clean,0
2025-10-02 12:20:00,2.51,26.02,7.02,5.67,196.1,0.019,clean,0
2025-10-02 12:30:00,3.08,25.93,7.31,7.03,183.2,0.201,clean,0
2025-10-02 12:40:00,5.31,26.48,7.2,6.41,183.1,0.163,clean,0
2025-10-02 12:50:00,1.13,27.11,7.06,6.89,163.6,0.061,clean,0
2025-10-02 13:00:00,3.69,25.72,7.14,6.72,183.5,0.114,clean,0
2025-10-02 13:10:00,1.39,25.32,7.3,6.13,195.5,0.121,clean,0
2025-10-02 13:20:00,2.53,25.96,7.22,6.61,167.5,0.16,clean,0
2025-10-02 13:30:00,4.09,27.29,7.29,5.57,201.4,0.059,clean,0
2025-10-02 13:40:00,3.06,25.6,7.5,6.8,178.6,0.155,clean,0
2025-10-02 13:50:00,1.92,26.82,6.97,6.65,166.7,0.073,clean,0
2025-10-02 14:00:00,2.28,26.84,7.44,6.82,195.0,0.033,clean,0
2025-10-02 14:10:00,3.68,25.72,7.22,7.03,175.7,0.136,clean,0
2025-10-02 14:20:00,2.27,26.28,7.07,6.68,191.4,0.165,clean,0
2025-10-02 14:30:00,3.22,26.81,7.0,6.57,175.6,0.229,clean,0
2025-10-02 14:40:00,3.05,25.81,7.17,6.06,179.1,0.04,clean,0
2025-10-02 14:50:00,2.35,25.9,7.34,6.14,187.4,0.135,clean,0
2025-10-02 15:00:00,5.14,25.71,7.18,7.09,184.4,0.08,clean,0
2025-10-02 15:10:00,3.63,25.49,7.43,7.22,150.1,0.139,clean,0
2025-10-02 15:20:00,0.97,25.68,6.98,6.38,163.2,0.026,clean,0
2025-10-02 15:30:00,3.19,25.39,7.2,6.52,193.9,0.037,clean,0
2025-10-02 15:40:00,2.34,26.02,7.01,6.05,178.0,0.061,clean,0
2025-10-02 15:50:00,3.85,25.62,7.25,7.09,172.1,0.104,clean,0
2025-10-02 16:00:00,2.21,26.12,7.33,6.83,159.6,0.068,clean,0
2025-10-02 16:10:00,2.89,25.22,7.14,7.47,163.8,0.133,clean,0
2025-10-02 16:20:00,3.5,26.17,6.81,6.06,149.7,0.151,clean,0
2025-10-02 16:30:00,3.87,26.42,7.23,6.31,178.5,0.13,clean,0
2025-10-02 16:40:00,1.8,25.0,7.27,6.62,171.0,0.181,clean,0
2025-10-02 16:50:00,2.67,26.19,7.26,6.82,165.5,0.121,clean,0
2025-10-02 17:00:00,2.53,26.61,7.39,6.39,179.0,0.039,clean,0
2025-10-02 17:10:00,2.35,25.4,7.04,6.06,185.5,0.168,clean,0
2025-10-02 17:20:00,4.77,26.84,7.3,6.94,211.4,0.07,clean,0
2025-10-02 17:30:00,3.4,26.21,7.38,6.86,157.3,0.146,clean,0
2025-10-02 17:40:00,1.74,25.65,6.93,6.04,197.4,0.179,clean,0
2025-10-02 17:50:00,3.92,25.97,7.25,7.18,194.6,0.123,clean,0
2025-10-02 18:00:00,5.12,26.28,7.12,7.09,168.3,0.025,clean,0
2025-10-02 18:10:00,4.03,26.04,7.19,6.57,183.0,0.054,clean,0
2025-10-02 18:20:00,1.48,26.27,7.25,6.54,173.1,0.166,clean,0
2025-10-02 18:30:00,2.52,25.54,7.13,6.78,182.8,0.092,clean,0
2025-10-02 18:40:00,4.27,26.08,7.1,6.07,202.6,0.104,clean,0
2025-10-02 18:50:00,2.29,25.29,7.21,6.52,189.1,0.138,clean,0
2025-10-02 19:00:00,3.44,25.94,7.04,5.42,187.6,0.135,clean,0
2025-10-02 19:10:00,3.77,25.55,7.04,6.94,173.5,0.114,clean,0
2025-10-02 19:20:00,2.07,25.63,7.3,5.72,157.7,0.09,clean,0
2025-10-02 19:30:00,2.94,26.62,7.03,7.25,176.9,0.084,clean,0
2025-10-02 19:40:00,0.0,26.55,7.3,6.33,198.1,0.143,clean,0
2025-10-02 19:50:00,1.98,26.3,7.27,6.39,157.1,0.128,clean,0
2025-10-02 20:00:00,2.75,25.45,6.94,6.19,164.2,0.087,clean,0
2025-10-02 20:10:00,1.75,25.84,7.1,6.36,181.9,0.154,clean,0
2025-10-02 20:20:00,4.63,26.61,7.38,7.21,165.2,0.094,clean,0
2025-10-02 20:30:00,1.57,26.07,7.05,5.26,168.1,0.057,clean,0
2025-10-02 20:40:00,2.56,27.16,7.13,7.14,173.6,0.062,clean,0
2025-10-02 20:50:00,3.13,26.2,7.27,6.67,159.5,0.051,clean,0
2025-10-02 21:00:00,4.44,26.1,7.32,5.9,165.4,0.086,clean,0
2025-10-02 21:10:00,1.56,25.85,7.16,5.96,190.6,0.162,clean,0
2025-10-02 21:20:00,4.16,26.07,7.11,7.34,160.4,0.06,clean,0
2025-10-02 21:30:00,3.01,25.92,7.41,6.03,156.0,0.109,clean,0
2025-10-02 21:40:00,2.02,26.35,7.46,5.92,170.5,0.067,clean,0
2025-10-02 21:50:00,3.46,26.48,7.35,7.07,191.0,0.087,clean,0
2025-10-02 22:00:00,3.2,25.61,7.21,6.67,177.0,0.024,clean,0
2025-10-02 22:10:00,2.4,25.33,7.08,6.03,173.0,0.089,clean,0
2025-10-02 22:20:00,3.07,25.08,7.08,6.61,180.7,0.09,clean,0
2025-10-02 22:30:00,2.61,26.25,7.28,5.99,153.8,0.127,clean,0
2025-10-02 22:40:00,3.11,25.45,7.26,7.05,187.4,0.111,clean,0
2025-10-02 22:50:00,3.66,24.92,7.41,7.03,185.8,0.04,clean,0
2025-10-02 23:00:00,4.59,26.19,7.3,6.77,173.9,0.154,clean,0
2025-10-02 23:10:00,1.76,27.25,6.97,6.68,195.1,0.111,clean,0
2025-10-02 23:20:00,5.13,26.0,7.36,7.38,163.1,0.11,clean,0
2025-10-02 23:30:00,1.05,26.42,7.05,6.5,196.9,0.1,clean,0
2025-10-02 23:40:00,2.85,26.04,7.14,5.91,182.3,0.074,clean,0
2025-10-02 23:50:00,3.59,25.95,7.24,6.72,175.0,0.111,clean,0
2025-10-03 00:00:00,3.28,26.46,7.5,7.54,179.7,0.124,clean,0
2025-10-03 00:10:00,2.38,25.85,7.67,5.99,178.4,0.013,clean,0
2025-10-03 00:20:00,2.79,26.13,7.29,6.32,198.3,0.073,clean,0
2025-10-03 00:30:00,2.51,26.16,7.17,6.71,163.8,0.087,clean,0
2025-10-03 00:40:00,2.41,25.67,7.28,6.47,168.6,0.113,clean,0
2025-10-03 00:50:00,3.85,26.5,7.33,6.01,195.5,0.16,clean,0
2025-10-03 01:00:00,3.36,25.91,7.15,7.06,171.1,0.061,clean,0
2025-10-03 01:10:00,2.31,25.62,7.47,7.66,193.5,0.075,clean,0
2025-10-03 01:20:00,3.9,26.27,7.23,6.6,205.5,0.074,clean,0
2025-10-03 01:30:00,3.51,25.55,7.27,6.05,174.0,0.027,clean,0
2025-10-03 01:40:00,4.14,26.01,7.3,5.63,190.2,0.096,clean,0
2025-10-03 01:50:00,6.77,26.0,7.26,6.45,162.7,0.389,clean,0
2025-10-03 02:00:00,6.2,26.54,7.33,6.78,191.3,0.468,clean,0
2025-10-03 02:10:00,7.62,26.24,7.11,6.38,183.0,0.556,dirty,1
2025-10-03 02:20:00,10.96,25.99,7.12,6.05,187.1,0.617,dirty,1
2025-10-03 02:30:00,11.42,26.41,7.03,5.66,170.3,0.689,dirty,1
2025-10-03 02:40:00,10.61,26.7,7.27,5.32,155.1,0.918,dirty,1
2025-10-03 02:50:00,12.02,26.28,7.32,6.19,187.5,1.092,dirty,1
2025-10-03 03:00:00,14.9,26.01,7.27,6.14,149.0,1.092,dirty,1
2025-10-03 03:10:00,13.68,25.34,7.45,4.82,175.2,1.111,dirty,1
2025-10-03 03:20:00,16.5,25.47,7.2,6.3,194.1,1.256,dirty,1
2025-10-03 03:30:00,13.93,25.85,7.3,5.7,182.9,1.512,dirty,1
2025-10-03 03:40:00,19.14,25.7,7.04,6.02,209.2,1.572,dirty,1
2025-10-03 03:50:00,19.75,25.91,7.14,4.56,195.4,1.722,dirty,1
2025-10-03 04:00:00,18.9,26.03,7.3,4.46,170.2,1.845,dirty,1
2025-10-03 04:10:00,20.71,26.26,7.33,4.98,180.4,1.958,dirty,1
2025-10-03 04:20:00,21.1,25.96,7.16,5.21,179.3,2.134,dirty,1
2025-10-03 04:30:00,3.02,26.24,7.19,7.4,156.3,0.145,clean,0
2025-10-03 04:40:00,3.68,26.03,6.97,6.85,165.9,0.018,clean,0
2025-10-03 04:50:00,2.69,25.01,7.15,6.38,171.6,0.055,clean,0
2025-10-03 05:00:00,3.32,25.53,7.33,5.99,149.5,0.01,clean,0
2025-10-03 05:10:00,2.87,25.93,7.29,7.12,180.7,0.086,clean,0
2025-10-03 05:20:00,3.1,25.4,7.28,6.02,176.3,0.098,clean,0
2025-10-03 05:30:00,3.6,26.3,7.21,7.31,154.9,0.106,clean,0
2025-10-03 05:40:00,2.18,26.77,7.2,6.36,186.1,0.103,clean,0
2025-10-03 05:50:00,5.09,26.61,7.1,7.3,190.7,0.054,clean,0
2025-10-03 06:00:00,1.99,25.89,7.3,6.84,183.4,0.09,clean,0
2025-10-03 06:10:00,1.79,26.75,7.26,6.43,175.1,0.025,clean,0
2025-10-03 06:20:00,4.16,26.07,7.27,6.24,188.9,0.168,clean,0
2025-10-03 06:30:00,3.79,25.83,7.12,6.33,190.2,0.085,clean,0
2025-10-03 06:40:00,3.62,25.69,6.88,6.71,184.6,0.076,clean,0
2025-10-03 06:50:00,3.63,25.85,7.36,6.54,167.6,0.179,clean,0
2025-10-03 07:00:00,2.99,25.81,7.13,6.2,184.1,0.038,clean,0
2025-10-03 07:10:00,2.1,26.09,7.07,6.42,197.9,0.044,clean,0
2025-10-03 07:20:00,3.08,26.08,7.3,6.54,171.1,0.045,clean,0
2025-10-03 07:30:00,2.32,26.0,7.14,5.44,211.5,0.097,clean,0
2025-10-03 07:40:00,3.98,26.22,7.36,6.73,172.1,0.122,clean,0
2025-10-03 07:50:00,2.85,26.6,7.29,6.01,180.5,0.137,clean,0
2025-10-03 08:00:00,2.17,26.47,7.3,5.92,169.9,0.229,clean,0
2025-10-03 08:10:00,2.68,25.26,7.0,5.66,183.3,0.0,clean,0
2025-10-03 08:20:00,3.41,24.72,7.38,5.6,153.9,0.13,clean,0
2025-10-03 08:30:00,2.44,26.47,7.24,5.82,171.8,0.072,clean,0
2025-10-03 08:40:00,2.18,25.32,7.14,6.15,163.6,0.071,clean,0
2025-10-03 08:50:00,3.24,25.89,7.22,7.48,182.0,0.069,clean,0
2025-10-03 09:00:00,3.24,25.41,6.93,6.24,194.9,0.055,clean,0
2025-10-03 09:10:00,2.49,25.1,7.26,6.59,189.7,0.184,clean,0
2025-10-03 09:20:00,2.53,26.27,7.05,6.7,144.4,0.142,clean,0
2025-10-03 09:30:00,3.23,26.38,7.0,6.57,210.6,0.101,clean,0
2025-10-03 09:40:00,1.55,25.71,6.97,6.46,184.4,0.168,clean,0
2025-10-03 09:50:00,1.59,24.7,7.37,5.9,168.4,0.024,clean,0
2025-10-03 10:00:00,2.28,25.73,7.11,7.23,182.4,0.033,clean,0
2025-10-03 10:10:00,2.79,26.2,7.43,7.4,182.6,0.0,clean,0
2025-10-03 10:20:00,3.31,25.26,7.12,5.66,170.0,0.065,clean,0
2025-10-03 10:30:00,4.48,26.09,6.94,5.99,183.0,0.108,clean,0
2025-10-03 10:40:00,3.86,25.99,7.03,6.36,170.9,0.105,clean,0
2025-10-03 10:50:00,2.84,26.29,7.39,6.02,173.9,0.107,clean,0
2025-10-03 11:00:00,2.98,26.06,7.18,6.75,169.7,0.029,clean,0
2025-10-03 11:10:00,2.0,25.51,7.12,6.14,158.5,0.14,clean,0
2025-10-03 11:20:00,2.98,26.6,7.22,7.58,182.2,0.112,clean,0
2025-10-03 11:30:00,2.71,25.92,7.28,7.1,188.8,0.137,clean,0
2025-10-03 11:40:00,3.32,25.99,7.37,6.61,187.7,0.005,clean,0
2025-10-03 11:50:00,2.17,25.53,7.42,7.01,192.3,0.116,clean,0
2025-10-03 12:00:00,3.52,25.78,7.15,7.05,184.9,0.041,clean,0
2025-10-03 12:10:00,4.53,25.56,7.0,6.22,172.0,0.08,clean,0
2025-10-03 12:20:00,2.89,25.91,7.14,6.09,192.6,0.127,clean,0
2025-10-03 12:30:00,3.4,26.86,7.24,6.54,159.6,0.105,clean,0
2025-10-03 12:40:00,3.69,25.31,7.06,6.93,166.5,0.057,clean,0
2025-10-03 12:50:00,2.6,25.19,7.06,6.57,165.5,0.1,clean,0
2025-10-03 13:00:00,3.22,26.74,7.25,5.71,196.2,0.023,clean,0
2025-10-03 13:10:00,3.01,25.9,7.19,6.1,194.1,0.158,clean,0
2025-10-03 13:20:00,3.1,25.67,7.2,6.46,187.3,0.09,clean,0
2025-10-03 13:30:00,2.23,26.52,7.09,6.46,196.1,0.156,clean,0
2025-10-03 13:40:00,3.02,25.7,7.17,7.49,166.8,0.074,clean,0
2025-10-03 13:50:00,3.5,26.91,7.06,5.81,185.2,0.074,clean,0
2025-10-03 14:00:00,4.45,26.34,7.33,6.75,178.1,0.062,clean,0
2025-10-03 14:10:00,3.96,25.76,7.36,7.24,192.7,0.144,clean,0
2025-10-03 14:20:00,5.15,27.08,6.92,7.64,178.3,0.065,clean,0
2025-10-03 14:30:00,2.23,25.7,7.06,6.3,174.2,0.132,clean,0
2025-10-03 14:40:00,3.87,26.37,6.98,6.75,188.1,0.081,clean,0
2025-10-03 14:50:00,3.18,26.15,7.1,6.78,193.1,0.001,clean,0
2025-10-03 15:00:00,5.19,26.65,7.19,6.6,170.0,0.071,clean,0
2025-10-03 15:10:00,2.19,26.78,6.98,6.45,179.1,0.041,clean,0
2025-10-03 15:20:00,2.16,26.02,7.06,6.72,164.1,0.102,clean,0
2025-10-03 15:30:00,2.4,25.62,7.05,5.23,142.5,0.04,clean,0
2025-10-03 15:40:00,0.88,26.23,7.23,6.84,183.0,0.146,clean,0
2025-10-03 15:50:00,2.47,25.66,7.21,6.56,189.1,0.095,clean,0
2025-10-03 16:00:00,2.24,27.01,7.09,6.39,183.9,0.091,clean,0
2025-10-03 16:10:00,3.15,26.07,7.23,7.52,150.8,0.133,clean,0
2025-10-03 16:20:00,3.27,25.82,7.12,6.16,174.7,0.17,clean,0
2025-10-03 16:30:00,6.35,26.09,7.16,6.19,146.7,0.13,clean,0
2025-10-03 16:40:00,5.22,25.33,7.45,7.27,200.5,0.273,clean,0
2025-10-03 16:50:00,4.52,25.51,7.4,5.75,163.7,0.259,clean,0
2025-10-03 17:00:00,4.7,26.6,7.01,5.78,198.8,0.314,clean,0
2025-10-03 17:10:00,6.64,25.67,7.32,5.87,194.2,0.361,clean,0
2025-10-03 17:20:00,5.61,25.48,7.32,6.26,166.5,0.574,dirty,1
2025-10-03 17:30:00,11.9,26.27,7.03,5.83,163.0,0.532,dirty,1
2025-10-03 17:40:00,10.6,26.59,7.32,4.97,185.3,0.653,dirty,1
2025-10-03 17:50:00,9.91,26.36,7.43,5.24,167.3,0.652,dirty,1
2025-10-03 18:00:00,9.31,26.5,7.03,5.09,181.5,0.855,dirty,1
2025-10-03 18:10:00,13.59,25.62,7.06,5.25,172.8,0.856,dirty,1
2025-10-03 18:20:00,13.68,25.29,7.35,5.39,153.3,0.888,dirty,1
2025-10-03 18:30:00,15.04,26.75,7.24,5.27,146.5,0.891,dirty,1
2025-10-03 18:40:00,13.75,25.84,7.28,4.06,183.4,0.951,dirty,1
2025-10-03 18:50:00,16.85,25.87,7.25,5.37,171.6,0.981,dirty,1
2025-10-03 19:00:00,3.01,26.66,7.26,6.63,171.7,0.057,clean,0
2025-10-03 19:10:00,3.05,26.28,7.0,7.19,190.4,0.073,clean,0
2025-10-03 19:20:00,2.55,26.23,7.36,6.72,197.6,0.138,clean,0
2025-10-03 19:30:00,3.62,27.08,7.38,7.05,175.9,0.089,clean,0
2025-10-03 19:40:00,1.93,25.68,7.17,6.73,174.9,0.033,clean,0
2025-10-03 19:50:00,2.86,26.46,7.19,7.17,187.5,0.188,clean,0
2025-10-03 20:00:00,3.12,26.03,6.97,6.76,159.6,0.116,clean,0
2025-10-03 20:10:00,3.51,26.13,7.28,6.45,183.3,0.03,clean,0
2025-10-03 20:20:00,3.71,26.76,7.29,7.64,188.3,0.078,clean,0
2025-10-03 20:30:00,1.88,26.25,7.19,6.94,190.2,0.106,clean,0
2025-10-03 20:40:00,1.47,26.27,7.37,6.79,150.9,0.185,clean,0
2025-10-03 20:50:00,4.28,26.54,7.15,5.86,168.6,0.045,clean,0
2025-10-03 21:00:00,3.33,25.82,7.28,5.86,166.8,0.149,clean,0
2025-10-03 21:10:00,2.25,25.58,7.05,6.65,181.5,0.17,clean,0
2025-10-03 21:20:00,4.55,25.48,7.2,6.57,187.2,0.069,clean,0
2025-10-03 21:30:00,3.12,25.02,7.17,6.19,202.5,0.086,clean,0
2025-10-03 21:40:00,4.18,27.03,7.23,6.57,172.6,0.048,clean,0
2025-10-03 21:50:00,3.07,25.45,7.14,7.29,172.5,0.09,clean,0
2025-10-03 22:00:00,5.06,25.89,7.18,6.85,197.2,0.098,clean,0
2025-10-03 22:10:00,4.76,25.86,7.32,5.93,184.4,0.133,clean,0
2025-10-03 22:20:00,2.75,26.15,7.13,6.44,199.0,0.155,clean,0
2025-10-03 22:30:00,3.97,26.41,6.96,6.1,184.3,0.063,clean,0
2025-10-03 22:40:00,3.65,26.43,7.46,6.31,162.6,0.002,clean,0
2025-10-03 22:50:00,4.37,25.71,7.41,6.29,160.0,0.099,clean,0
2025-10-03 23:00:00,2.04,25.92,7.01,6.26,156.7,0.115,clean,0
2025-10-03 23:10:00,3.69,26.14,7.3,5.87,189.9,0.112,clean,0
2025-10-03 23:20:00,4.06,25.88,7.12,6.44,197.8,0.084,clean,0
2025-10-03 23:30:00,1.24,26.8,7.24,6.22,207.7,0.106,clean,0
2025-10-03 23:40:00,1.82,26.25,7.24,5.04,192.6,0.176,clean,0
2025-10-03 23:50:00,0.96,26.37,7.16,7.53,197.4,0.119,clean,0
2025-10-04 00:00:00,2.73,26.33,7.08,7.04,171.3,0.081,clean,0
2025-10-04 00:10:00,3.72,26.59,7.1,6.31,162.7,0.075,clean,0
2025-10-04 00:20:00,4.5,26.09,7.06,6.51,192.8,0.092,clean,0
2025-10-04 00:30:00,3.07,25.35,7.08,5.91,186.3,0.182,clean,0
2025-10-04 00:40:00,4.63,26.2,7.19,7.35,181.6,0.091,clean,0
2025-10-04 00:50:00,1.62,25.67,7.09,7.45,185.8,0.099,clean,0
2025-10-04 01:00:00,1.3,25.74,7.3,6.58,184.8,0.076,clean,0
2025-10-04 01:10:00,2.94,26.29,7.42,7.01,199.3,0.155,clean,0
2025-10-04 01:20:00,3.38,26.62,7.11,6.59,199.4,0.198,clean,0
2025-10-04 01:30:00,2.97,26.01,7.24,5.83,188.2,0.123,clean,0
2025-10-04 01:40:00,0.93,26.15,7.27,6.29,192.7,0.104,clean,0
2025-10-04 01:50:00,2.91,26.85,7.27,6.57,187.7,0.102,clean,0
2025-10-04 02:00:00,1.7,26.12,7.21,6.27,173.1,0.0,clean,0
2025-10-04 02:10:00,3.67,27.3,7.31,6.39,191.3,0.137,clean,0
2025-10-04 02:20:00,3.37,26.28,7.27,6.45,159.1,0.107,clean,0
2025-10-04 02:30:00,2.06,25.12,7.01,6.46,195.8,0.121,clean,0
2025-10-04 02:40:00,2.49,26.38,7.33,6.53,162.1,0.064,clean,0
2025-10-04 02:50:00,1.94,26.19,7.33,5.97,184.3,0.081,clean,0
2025-10-04 03:00:00,2.94,26.64,7.09,6.14,167.3,0.079,clean,0
2025-10-04 03:10:00,3.96,26.34,7.21,5.86,188.3,0.151,clean,0
2025-10-04 03:20:00,2.01,25.93,7.3,6.99,179.5,0.081,clean,0
2025-10-04 03:30:00,3.5,25.39,7.17,5.45,156.1,0.204,clean,0
2025-10-04 03:40:00,2.47,25.9,7.36,7.08,186.3,0.122,clean,0
2025-10-04 03:50:00,2.21,25.57,7.55,7.19,171.3,0.036,clean,0
2025-10-04 04:00:00,2.89,25.71,7.08,6.35,193.2,0.094,clean,0
2025-10-04 04:10:00,1.96,26.29,6.99,5.2,180.0,0.067,clean,0
2025-10-04 04:20:00,2.45,26.83,7.25,6.32,185.9,0.0,clean,0
2025-10-04 04:30:00,1.8,26.2,7.31,6.47,165.6,0.18,clean,0
2025-10-04 04:40:00,4.96,25.4,7.17,5.99,171.2,0.135,clean,0
2025-10-04 04:50:00,3.04,26.22,7.42,6.24,173.1,0.127,clean,0
2025-10-04 05:00:00,2.3,26.6,7.0,7.27,192.9,0.108,clean,0
2025-10-04 05:10:00,3.21,25.7,7.3,6.83,205.2,0.031,clean,0
2025-10-04 05:20:00,2.89,25.93,7.11,6.04,167.9,0.076,clean,0
2025-10-04 05:30:00,2.78,26.01,7.46,5.7,196.2,0.142,clean,0
2025-10-04 05:40:00,3.61,25.61,7.5,6.34,147.5,0.047,clean,0
2025-10-04 05:50:00,3.76,26.32,7.09,6.39,162.1,0.0,clean,0
2025-10-04 06:00:00,2.47,25.94,7.12,6.75,165.6,0.089,clean,0
2025-10-04 06:10:00,2.42,26.21,7.33,6.23,159.7,0.093,clean,0
2025-10-04 06:20:00,2.72,25.56,7.14,6.76,156.2,0.107,clean,0
2025-10-04 06:30:00,0.7,25.78,7.19,7.47,186.2,0.136,clean,0
2025-10-04 06:40:00,1.48,26.36,7.2,6.91,176.8,0.132,clean,0
2025-10-04 06:50:00,4.37,25.81,6.91,6.48,185.7,0.113,clean,0
2025-10-04 07:00:00,4.64,26.86,7.2,6.41,190.4,0.16,clean,0
2025-10-04 07:10:00,2.75,25.8,7.1,6.32,184.0,0.024,clean,0
2025-10-04 07:20:00,3.58,26.11,7.13,7.09,189.9,0.125,clean,0
2025-10-04 07:30:00,3.31,26.47,7.42,6.19,179.0,0.131,clean,0
2025-10-04 07:40:00,6.08,25.29,7.01,6.52,162.2,0.038,clean,0
2025-10-04 07:50:00,4.12,25.12,7.32,6.53,195.9,0.025,clean,0
2025-10-04 08:00:00,2.87,25.24,7.16,6.25,171.2,0.063,clean,0
2025-10-04 08:10:00,2.04,26.63,7.16,5.81,166.0,0.067,clean,0
2025-10-04 08:20:00,1.39,25.72,7.32,6.66,177.3,0.138,clean,0
2025-10-04 08:30:00,3.2,27.28,7.25,6.47,166.3,0.069,clean,0
2025-10-04 08:40:00,2.24,25.72,7.29,6.75,173.7,0.057,clean,0
2025-10-04 08:50:00,1.58,26.09,7.35,6.23,185.2,0.069,clean,0
2025-10-04 09:00:00,2.35,26.77,7.15,7.11,185.2,0.156,clean,0
2025-10-04 09:10:00,1.92,27.0,7.11,6.06,166.5,0.101,clean,0
2025-10-04 09:20:00,4.69,27.03,7.04,7.36,172.7,0.091,clean,0
2025-10-04 09:30:00,3.88,26.6,7.08,5.63,196.1,0.094,clean,0
2025-10-04 09:40:00,2.99,26.51,7.64,6.72,187.4,0.165,clean,0
2025-10-04 09:50:00,4.48,26.3,7.39,6.74,211.1,0.063,clean,0
2025-10-04 10:00:00,3.08,26.39,7.0,6.1,197.7,0.166,clean,0
2025-10-04 10:10:00,2.14,25.72,7.0,6.71,197.2,0.111,clean,0
2025-10-04 10:20:00,4.52,25.59,7.27,7.14,159.2,0.092,clean,0
2025-10-04 10:30:00,3.54,26.0,7.28,5.39,191.5,0.225,clean,0
2025-10-04 10:40:00,1.96,25.91,7.28,6.75,179.2,0.047,clean,0
2025-10-04 10:50:00,2.81,25.77,7.16,5.25,171.7,0.082,clean,0
2025-10-04 11:00:00,2.12,26.35,7.18,6.02,182.5,0.038,clean,0
2025-10-04 11:10:00,1.62,26.48,7.25,7.31,194.2,0.148,clean,0
2025-10-04 11:20:00,3.93,26.04,7.21,6.21,187.5,0.184,clean,0
2025-10-04 11:30:00,4.91,26.74,6.87,5.91,166.8,0.183,clean,0
2025-10-04 11:40:00,1.6,25.43,7.17,6.4,191.1,0.161,clean,0
2025-10-04 11:50:00,3.56,25.9,7.07,7.53,170.4,0.09,clean,0
2025-10-04 12:00:00,2.35,25.64,7.23,5.58,183.3,0.082,clean,0
2025-10-04 12:10:00,2.51,25.07,7.65,5.97,175.4,0.016,clean,0
2025-10-04 12:20:00,2.41,25.96,7.26,7.25,176.7,0.202,clean,0
2025-10-04 12:30:00,2.14,25.94,7.15,7.43,191.5,0.123,clean,0
2025-10-04 12:40:00,3.05,26.76,7.34,6.45,164.4,0.075,clean,0
2025-10-04 12:50:00,2.17,26.32,7.27,5.88,209.2,0.166,clean,0
2025-10-04 13:00:00,3.27,25.49,7.26,7.55,152.7,0.051,clean,0
2025-10-04 13:10:00,2.95,26.93,7.29,7.3,171.0,0.12,clean,0
2025-10-04 13:20:00,2.76,26.61,7.51,6.84,185.6,0.091,clean,0
2025-10-04 13:30:00,2.09,26.29,7.03,6.09,188.8,0.132,clean,0
2025-10-04 13:40:00,2.42,25.89,7.27,6.48,178.5,0.097,clean,0
2025-10-04 13:50:00,3.76,25.52,7.06,6.42,179.1,0.027,clean,0
2025-10-04 14:00:00,3.5,25.81,7.28,6.67,186.2,0.104,clean,0
2025-10-04 14:10:00,2.02,26.54,7.06,7.23,176.5,0.152,clean,0
2025-10-04 14:20:00,3.1,26.94,7.14,6.94,200.9,0.099,clean,0
2025-10-04 14:30:00,3.75,26.77,7.16,5.96,192.6,0.139,clean,0
2025-10-04 14:40:00,1.33,25.76,7.35,7.19,193.1,0.048,clean,0
2025-10-04 14:50:00,3.54,25.44,7.34,6.66,165.5,0.099,clean,0
2025-10-04 15:00:00,2.34,26.07,7.01,6.84,178.8,0.069,clean,0
2025-10-04 15:10:00,3.57,25.12,7.21,7.23,175.5,0.137,clean,0
2025-10-04 15:20:00,2.24,26.16,7.09,5.94,164.9,0.102,clean,0
2025-10-04 15:30:00,1.2,25.93,7.01,6.48,185.4,0.135,clean,0
2025-10-04 15:40:00,1.37,25.77,7.17,6.23,171.9,0.154,clean,0
2025-10-04 15:50:00,3.05,25.2,7.15,5.72,189.8,0.135,clean,0
2025-10-04 16:00:00,3.26,26.26,7.56,6.67,163.9,0.114,clean,0
2025-10-04 16:10:00,2.1,25.73,7.26,7.76,205.8,0.05,clean,0
2025-10-04 16:20:00,3.64,25.42,6.99,5.58,166.6,0.1,clean,0
2025-10-04 16:30:00,1.34,24.56,7.12,6.48,183.3,0.073,clean,0
2025-10-04 16:40:00,2.93,25.99,7.35,6.82,191.9,0.083,clean,0
2025-10-04 16:50:00,1.79,26.89,7.51,6.56,171.4,0.081,clean,0
2025-10-04 17:00:00,2.35,26.83,6.96,6.44,192.8,0.051,clean,0
2025-10-04 17:10:00,3.05,25.77,6.92,5.85,161.6,0.002,clean,0
2025-10-04 17:20:00,2.14,25.7,7.48,6.62,201.8,0.067,clean,0
2025-10-04 17:30:00,2.62,26.23,7.26,6.12,180.2,0.11,clean,0
2025-10-04 17:40:00,4.01,25.5,7.07,5.41,171.1,0.033,clean,0
2025-10-04 17:50:00,2.42,26.15,7.28,7.1,175.5,0.101,clean,0
2025-10-04 18:00:00,3.84,26.38,6.8,6.98,192.1,0.195,clean,0
2025-10-04 18:10:00,1.87,26.61,7.2,6.53,171.2,0.151,clean,0
2025-10-04 18:20:00,3.53,25.95,7.25,6.61,168.8,0.182,clean,0
2025-10-04 18:30:00,4.44,25.9,7.34,7.04,176.7,0.12,clean,0
2025-10-04 18:40:00,0.53,25.56,7.05,6.61,162.3,0.158,clean,0
2025-10-04 18:50:00,2.2,25.59,7.21,6.95,207.3,0.064,clean,0
2025-10-04 19:00:00,3.58,25.89,7.06,6.35,171.5,0.068,clean,0
2025-10-04 19:10:00,2.8,26.18,7.24,7.16,192.5,0.0,clean,0
2025-10-04 19:20:00,3.37,26.46,7.07,6.66,183.1,0.159,clean,0
2025-10-04 19:30:00,2.4,25.6,7.14,6.6,165.2,0.177,clean,0
2025-10-04 19:40:00,3.09,26.75,7.05,5.86,179.9,0.072,clean,0
2025-10-04 19:50:00,2.84,25.86,7.3,6.64,191.8,0.087,clean,0
2025-10-04 20:00:00,4.17,25.99,7.33,6.08,177.2,0.062,clean,0
2025-10-04 20:10:00,3.25,25.63,7.16,6.18,197.9,0.119,clean,0
2025-10-04 20:20:00,3.34,24.79,7.21,6.09,195.3,0.156,clean,0
2025-10-04 20:30:00,2.59,26.44,6.98,5.97,193.8,0.013,clean,0
2025-10-04 20:40:00,2.51,26.37,7.16,7.56,173.1,0.12,clean,0
2025-10-04 20:50:00,2.57,25.86,7.19,7.17,163.8,0.086,clean,0
2025-10-04 21:00:00,3.39,26.03,7.59,7.46,170.8,0.106,clean,0
2025-10-04 21:10:00,2.58,26.26,7.03,5.89,182.9,0.123,clean,0
2025-10-04 21:20:00,3.29,25.22,7.42,6.54,188.2,0.091,clean,0
2025-10-04 21:30:00,5.08,25.74,7.35,5.85,147.4,0.095,clean,0
2025-10-04 21:40:00,3.87,26.4,7.24,6.15,179.9,0.089,clean,0
2025-10-04 21:50:00,2.42,25.37,7.46,6.04,182.4,0.13,clean,0
2025-10-04 22:00:00,4.83,26.15,7.26,7.08,175.8,0.089,clean,0
2025-10-04 22:10:00,4.59,25.32,7.26,6.22,199.4,0.199,clean,0
2025-10-04 22:20:00,2.61,26.23,7.19,6.91,186.3,0.063,clean,0
2025-10-04 22:30:00,4.45,25.98,7.38,6.64,199.7,0.17,clean,0
2025-10-04 22:40:00,6.82,25.19,7.36,7.45,176.8,0.204,clean,0
2025-10-04 22:50:00,8.2,26.58,7.11,5.52,194.1,0.228,dirty,1
2025-10-04 23:00:00,10.7,25.63,7.0,6.84,204.5,0.372,dirty,1
2025-10-04 23:10:00,13.76,25.59,7.17,6.75,199.7,0.353,dirty,1
2025-10-04 23:20:00,13.49,26.1,7.08,5.65,163.6,0.373,dirty,1
2025-10-04 23:30:00,11.12,26.57,7.19,6.6,176.2,0.433,dirty,1
2025-10-04 23:40:00,14.09,25.49,7.39,6.22,174.8,0.408,dirty,1
2025-10-04 23:50:00,13.28,26.03,7.13,5.9,187.3,0.466,dirty,1
2025-10-05 00:00:00,16.74,26.21,7.19,5.56,190.3,0.61,dirty,1
2025-10-05 00:10:00,19.96,26.35,7.21,5.57,167.4,0.5,dirty,1
2025-10-05 00:20:00,15.55,26.09,7.33,6.91,181.0,0.64,dirty,1
2025-10-05 00:30:00,21.25,25.82,6.86,5.85,149.7,0.655,dirty,1
2025-10-05 00:40:00,20.64,25.59,7.11,6.2,201.6,0.612,dirty,1
2025-10-05 00:50:00,18.87,26.04,7.23,5.37,172.3,0.527,dirty,1
2025-10-05 01:00:00,22.01,25.46,7.38,5.34,180.8,0.676,dirty,1
2025-10-05 01:10:00,25.45,24.54,7.13,6.23,175.4,0.772,dirty,1
2025-10-05 01:20:00,22.39,26.22,6.92,4.97,197.2,0.853,dirty,1
2025-10-05 01:30:00,23.08,26.45,7.29,5.4,137.4,0.839,dirty,1
2025-10-05 01:40:00,23.69,24.82,7.1,5.58,179.8,0.834,dirty,1
2025-10-05 01:50:00,26.31,25.5,7.02,5.58,178.4,0.878,dirty,1
2025-10-05 02:00:00,28.24,26.31,7.11,5.39,173.2,0.886,dirty,1
2025-10-05 02:10:00,2.14,27.03,7.17,6.7,205.9,0.118,clean,0
2025-10-05 02:20:00,3.07,26.01,7.11,6.85,166.7,0.063,clean,0
2025-10-05 02:30:00,2.52,25.64,6.87,6.87,191.6,0.143,clean,0
2025-10-05 02:40:00,3.48,25.91,7.33,6.01,185.3,0.108,clean,0
2025-10-05 02:50:00,3.33,26.69,7.39,6.36,198.9,0.115,clean,0
2025-10-05 03:00:00,4.04,25.68,7.3,7.1,170.0,0.061,clean,0
2025-10-05 03:10:00,2.49,25.6,7.03,6.95,169.0,0.135,clean,0
2025-10-05 03:20:00,2.73,25.76,7.17,5.81,196.4,0.204,clean,0
2025-10-05 03:30:00,2.02,25.52,7.2,6.68,186.4,0.05,clean,0
2025-10-05 03:40:00,2.56,26.06,7.29,5.51,156.8,0.083,clean,0
2025-10-05 03:50:00,3.38,26.81,7.3,6.52,171.9,0.112,clean,0
2025-10-05 04:00:00,3.76,26.16,7.09,7.45,185.8,0.139,clean,0
2025-10-05 04:10:00,2.08,25.87,7.21,6.03,192.6,0.072,clean,0
2025-10-05 04:20:00,3.87,25.85,7.27,6.08,169.8,0.0,clean,0
2025-10-05 04:30:00,4.36,25.22,7.42,6.88,136.3,0.168,clean,0
2025-10-05 04:40:00,3.41,26.44,7.31,5.73,187.8,0.138,clean,0
2025-10-05 04:50:00,4.88,25.96,7.32,6.18,161.7,0.013,clean,0
2025-10-05 05:00:00,2.23,25.91,7.21,6.8,149.7,0.07,clean,0
2025-10-05 05:10:00,1.76,27.6,7.41,6.18,137.5,0.178,clean,0
2025-10-05 05:20:00,1.22,26.15,7.26,6.38,192.2,0.172,clean,0
2025-10-05 05:30:00,4.5,25.62,7.07,6.87,181.9,0.147,clean,0
2025-10-05 05:40:00,3.65,25.79,7.41,6.71,176.6,0.091,clean,0
2025-10-05 05:50:00,2.94,26.57,7.3,6.63,200.8,0.104,clean,0
2025-10-05 06:00:00,3.28,26.06,7.13,6.33,189.6,0.093,clean,0
2025-10-05 06:10:00,1.87,25.28,7.13,6.69,204.2,0.156,clean,0
2025-10-05 06:20:00,5.45,26.46,7.24,6.44,159.1,0.056,clean,0
2025-10-05 06:30:00,3.13,25.67,7.27,6.73,179.5,0.06,clean,0
2025-10-05 06:40:00,3.11,26.94,7.23,6.25,155.7,0.151,clean,0
2025-10-05 06:50:00,3.73,26.54,7.25,6.41,176.6,0.098,clean,0
2025-10-05 07:00:00,3.48,25.78,7.45,6.01,176.3,0.169,clean,0
2025-10-05 07:10:00,3.22,26.64,7.36,6.48,189.4,0.066,clean,0
2025-10-05 07:20:00,2.21,26.03,7.23,6.09,180.7,0.097,clean,0
2025-10-05 07:30:00,3.47,26.43,7.34,5.94,189.4,0.054,clean,0
2025-10-05 07:40:00,4.88,26.24,7.05,6.63,190.6,0.1,clean,0
2025-10-05 07:50:00,4.35,25.58,7.26,6.61,212.3,0.026,clean,0
2025-10-05 08:00:00,4.59,25.68,7.47,6.89,175.3,0.076,clean,0
2025-10-05 08:10:00,2.49,26.51,7.17,6.28,165.9,0.028,clean,0
2025-10-05 08:20:00,2.01,25.83,7.07,6.7,183.7,0.135,clean,0
2025-10-05 08:30:00,2.87,25.8,7.1,6.78,168.0,0.136,clean,0
2025-10-05 08:40:00,3.06,25.52,7.04,6.72,202.2,0.013,clean,0
2025-10-05 08:50:00,4.09,26.21,7.08,6.09,175.8,0.167,clean,0
2025-10-05 09:00:00,1.31,27.03,7.14,6.57,171.5,0.225,clean,0
2025-10-05 09:10:00,4.53,25.47,6.99,6.68,172.9,0.102,clean,0
2025-10-05 09:20:00,2.84,26.01,7.2,6.5,190.8,0.068,clean,0
2025-10-05 09:30:00,2.57,26.71,7.34,5.46,177.6,0.241,clean,0
2025-10-05 09:40:00,1.99,25.96,7.06,6.58,170.4,0.034,clean,0
2025-10-05 09:50:00,1.35,26.23,7.43,7.61,205.0,0.101,clean,0
2025-10-05 10:00:00,3.82,25.47,7.28,6.32,167.2,0.109,clean,0
2025-10-05 10:10:00,3.07,26.21,7.35,6.14,180.5,0.167,clean,0
2025-10-05 10:20:00,1.71,25.91,7.1,6.69,189.8,0.118,clean,0
2025-10-05 10:30:00,1.7,26.49,7.33,6.66,155.5,0.075,clean,0
2025-10-05 10:40:00,2.66,26.59,7.04,7.1,187.2,0.052,clean,0
2025-10-05 10:50:00,4.67,27.29,7.33,5.87,164.2,0.083,clean,0
2025-10-05 11:00:00,2.74,26.29,7.23,6.87,192.3,0.05,clean,0
2025-10-05 11:10:00,1.5,26.16,7.28,6.8,165.6,0.102,clean,0
2025-10-05 11:20:00,2.75,26.1,7.02,6.43,190.4,0.072,clean,0
2025-10-05 11:30:00,2.73,25.82,7.07,6.67,196.6,0.025,clean,0
2025-10-05 11:40:00,0.3,26.17,7.29,7.01,192.9,0.163,clean,0
2025-10-05 11:50:00,2.95,25.85,7.06,6.94,183.8,0.075,clean,0
2025-10-05 12:00:00,2.77,26.08,7.27,5.93,176.5,0.037,clean,0
2025-10-05 12:10:00,3.7,26.66,6.99,6.91,171.4,0.092,clean,0
2025-10-05 12:20:00,4.85,25.5,7.33,6.47,202.1,0.103,clean,0
2025-10-05 12:30:00,4.13,26.57,7.02,6.54,169.5,0.013,clean,0
2025-10-05 12:40:00,2.73,26.66,7.28,6.54,164.4,0.117,clean,0
2025-10-05 12:50:00,1.89,25.94,7.29,6.42,190.0,0.048,clean,0
2025-10-05 13:00:00,5.57,24.94,7.1,7.1,168.1,0.186,clean,0
2025-10-05 13:10:00,3.06,25.7,7.29,6.46,165.7,0.126,clean,0
2025-10-05 13:20:00,3.01,26.65,7.24,5.94,158.3,0.08,clean,0
2025-10-05 13:30:00,2.98,25.99,7.12,6.3,172.8,0.063,clean,0
2025-10-05 13:40:00,3.2,25.5,7.05,6.59,178.8,0.095,clean,0
2025-10-05 13:50:00,2.86,25.75,6.91,7.11,183.6,0.131,clean,0
2025-10-05 14:00:00,2.43,26.42,7.25,6.8,194.3,0.099,clean,0
2025-10-05 14:10:00,2.45,26.27,6.97,6.07,187.9,0.089,clean,0
2025-10-05 14:20:00,2.97,25.88,7.21,7.74,177.1,0.103,clean,0
2025-10-05 14:30:00,2.46,25.82,7.16,6.63,177.0,0.07,clean,0
2025-10-05 14:40:00,2.29,25.8,7.3,7.14,187.7,0.083,clean,0
2025-10-05 14:50:00,3.11,25.54,7.15,6.42,199.1,0.0,clean,0
2025-10-05 15:00:00,2.75,26.81,7.15,6.77,181.9,0.149,clean,0
2025-10-05 15:10:00,4.5,25.84,7.31,6.92,173.0,0.115,clean,0
2025-10-05 15:20:00,0.35,26.61,7.25,7.11,165.1,0.061,clean,0
2025-10-05 15:30:00,4.09,26.76,7.25,7.03,158.3,0.195,clean,0
2025-10-05 15:40:00,4.25,26.5,7.27,6.94,190.0,0.104,clean,0
2025-10-05 15:50:00,0.93,25.78,6.97,6.34,188.7,0.048,clean,0
2025-10-05 16:00:00,2.66,26.2,7.31,6.21,188.7,0.143,clean,0
2025-10-05 16:10:00,2.63,25.99,7.29,6.67,178.1,0.12,clean,0
2025-10-05 16:20:00,1.59,25.55,7.05,6.97,201.1,0.12,clean,0
2025-10-05 16:30:00,2.22,26.16,7.16,6.39,172.7,0.079,clean,0
2025-10-05 16:40:00,1.89,25.41,7.19,7.03,194.3,0.123,clean,0
2025-10-05 16:50:00,4.75,26.59,7.18,7.23,179.4,0.087,clean,0
2025-10-05 17:00:00,3.94,25.77,7.25,6.04,170.9,0.128,clean,0
2025-10-05 17:10:00,4.27,26.1,7.41,6.08,188.9,0.005,clean,0
2025-10-05 17:20:00,3.72,26.14,7.36,6.43,186.1,0.078,clean,0
2025-10-05 17:30:00,1.87,25.87,7.0,6.65,185.4,0.186,clean,0
2025-10-05 17:40:00,2.48,26.29,7.29,6.24,181.2,0.062,clean,0
2025-10-05 17:50:00,3.49,25.76,7.4,7.18,179.4,0.07,clean,0
2025-10-05 18:00:00,1.78,26.44,7.26,6.71,215.8,0.078,clean,0
2025-10-05 18:10:00,3.71,25.33,7.36,6.52,197.8,0.039,clean,0
2025-10-05 18:20:00,2.76,26.06,7.5,5.78,190.8,0.0,clean,0
2025-10-05 18:30:00,2.63,26.97,7.35,5.84,181.7,0.088,clean,0
2025-10-05 18:40:00,3.71,25.5,7.24,6.64,195.1,0.107,clean,0
2025-10-05 18:50:00,3.44,25.66,7.36,5.43,187.8,0.097,clean,0
2025-10-05 19:00:00,2.64,26.26,7.22,7.01,180.4,0.093,clean,0
2025-10-05 19:10:00,4.16,26.09,7.2,6.42,175.4,0.102,clean,0
2025-10-05 19:20:00,1.92,26.18,7.15,8.12,178.8,0.151,clean,0
2025-10-05 19:30:00,3.62,26.24,7.43,7.65,132.4,0.09,clean,0
2025-10-05 19:40:00,3.59,26.32,7.08,6.41,183.2,0.071,clean,0
2025-10-05 19:50:00,2.69,26.55,7.43,6.45,172.7,0.086,clean,0
2025-10-05 20:00:00,3.33,26.2,7.27,7.0,203.9,0.129,clean,0
2025-10-05 20:10:00,1.75,25.88,6.99,7.35,180.3,0.171,clean,0
2025-10-05 20:20:00,3.92,26.34,7.26,5.68,162.2,0.069,clean,0
2025-10-05 20:30:00,2.82,26.95,6.88,5.61,179.3,0.105,clean,0
2025-10-05 20:40:00,2.48,25.93,7.29,6.19,164.3,0.117,clean,0
2025-10-05 20:50:00,4.05,25.51,7.33,6.79,187.1,0.05,clean,0
2025-10-05 21:00:00,2.3,26.55,7.11,6.75,184.4,0.101,clean,0
2025-10-05 21:10:00,1.59,25.94,7.22,7.03,194.4,0.027,clean,0
2025-10-05 21:20:00,1.44,24.91,7.49,5.9,168.1,0.012,clean,0
2025-10-05 21:30:00,3.61,26.42,7.12,5.34,180.5,0.118,clean,0
2025-10-05 21:40:00,1.72,25.73,7.04,6.93,159.5,0.081,clean,0
2025-10-05 21:50:00,4.75,25.95,7.42,6.09,190.5,0.11,clean,0
2025-10-05 22:00:00,0.92,26.17,7.49,5.49,187.8,0.099,clean,0
2025-10-05 22:10:00,4.7,26.1,7.2,6.57,187.4,0.051,clean,0
2025-10-05 22:20:00,3.21,26.35,7.35,6.9,180.0,0.098,clean,0
2025-10-05 22:30:00,2.9,25.78,7.4,6.44,186.2,0.038,clean,0
2025-10-05 22:40:00,2.46,26.26,7.09,6.27,204.1,0.17,clean,0
2025-10-05 22:50:00,3.4,25.87,7.13,6.42,175.7,0.032,clean,0
2025-10-05 23:00:00,2.96,26.37,7.38,6.31,182.1,0.09,clean,0
2025-10-05 23:10:00,4.1,26.31,7.45,5.83,163.7,0.048,clean,0
2025-10-05 23:20:00,3.11,25.53,7.28,6.14,167.0,0.129,clean,0
2025-10-05 23:30:00,3.15,26.54,7.07,6.76,181.5,0.083,clean,0
2025-10-05 23:40:00,2.64,25.73,7.5,6.66,196.6,0.074,clean,0
2025-10-05 23:50:00,1.27,26.4,7.12,6.58,176.2,0.131,clean,0
2025-10-06 00:00:00,4.04,26.18,7.15,5.94,176.5,0.008,clean,0
2025-10-06 00:10:00,0.61,26.92,7.25,6.29,173.9,0.175,clean,0
2025-10-06 00:20:00,3.51,25.89,7.43,5.23,172.0,0.092,clean,0
2025-10-06 00:30:00,4.66,25.83,7.33,6.34,184.4,0.144,clean,0
2025-10-06 00:40:00,4.39,25.99,7.26,6.91,157.5,0.251,clean,0
2025-10-06 00:50:00,5.68,25.85,7.27,5.4,199.2,0.279,clean,0
2025-10-06 01:00:00,6.84,26.4,7.21,5.78,170.0,0.31,clean,0
2025-10-06 01:10:00,7.18,25.19,7.28,6.18,190.8,0.31,clean,0
2025-10-06 01:20:00,6.55,25.47,6.82,6.58,161.0,0.409,clean,0
2025-10-06 01:30:00,6.76,25.47,7.16,5.67,190.0,0.272,clean,0
2025-10-06 01:40:00,8.33,26.48,7.24,5.48,190.1,0.425,dirty,1
2025-10-06 01:50:00,9.31,26.86,7.03,4.78,185.8,0.437,dirty,1
2025-10-06 02:00:00,8.86,25.95,7.26,5.64,165.1,0.634,dirty,1
2025-10-06 02:10:00,10.17,25.92,7.17,6.43,183.7,0.594,dirty,1
2025-10-06 02:20:00,11.62,26.04,7.46,5.37,162.3,0.643,dirty,1
2025-10-06 02:30:00,14.79,26.58,7.44,5.04,176.2,0.854,dirty,1
2025-10-06 02:40:00,13.42,25.54,7.13,5.03,195.4,0.94,dirty,1
2025-10-06 02:50:00,17.49,26.12,7.18,4.69,192.0,0.976,dirty,1
2025-10-06 03:00:00,16.65,26.49,7.19,4.11,180.2,1.021,dirty,1
2025-10-06 03:10:00,14.38,26.25,7.13,4.75,165.4,1.107,dirty,1
2025-10-06 03:20:00,11.86,26.09,7.23,4.27,189.7,1.13,dirty,1
2025-10-06 03:30:00,17.5,26.5,7.09,3.98,180.3,1.276,dirty,1
2025-10-06 03:40:00,19.23,24.65,7.03,3.31,145.2,1.302,dirty,1
2025-10-06 03:50:00,19.31,26.34,7.29,4.27,191.7,1.58,dirty,1
2025-10-06 04:00:00,20.84,25.67,7.29,3.77,179.6,1.34,dirty,1
2025-10-06 04:10:00,9.44,25.08,7.08,4.57,198.0,0.763,dirty,1
2025-10-06 04:20:00,10.29,26.26,7.33,5.23,163.6,0.939,dirty,1
2025-10-06 04:30:00,10.58,26.69,7.11,4.36,132.3,1.002,dirty,1
2025-10-06 04:40:00,11.07,25.93,7.24,4.1,184.2,0.864,dirty,1
2025-10-06 04:50:00,10.12,26.48,7.32,4.0,184.4,0.95,dirty,1
2025-10-06 05:00:00,10.6,26.81,7.19,3.37,154.6,1.091,dirty,1
2025-10-06 05:10:00,12.2,26.66,7.27,4.37,165.3,0.947,dirty,1
2025-10-06 05:20:00,12.47,26.82,7.12,3.11,221.3,1.207,dirty,1
2025-10-06 05:30:00,13.13,26.37,7.17,3.29,175.4,1.293,dirty,1
2025-10-06 05:40:00,13.21,26.04,7.17,2.75,191.0,1.299,dirty,1
2025-10-06 05:50:00,15.89,25.2,7.09,3.62,170.2,1.336,dirty,1
2025-10-06 06:00:00,14.42,25.88,7.17,3.47,148.6,1.466,dirty,1
2025-10-06 06:10:00,3.18,25.58,6.97,6.34,177.4,0.087,clean,0
2025-10-06 06:20:00,2.14,27.09,7.13,5.98,176.0,0.126,clean,0
2025-10-06 06:30:00,3.7,25.91,7.16,5.91,174.0,0.068,clean,0
2025-10-06 06:40:00,2.42,26.06,7.16,6.73,178.3,0.115,clean,0
2025-10-06 06:50:00,3.12,26.28,7.16,6.22,184.0,0.088,clean,0
2025-10-06 07:00:00,5.56,26.02,7.19,6.66,177.7,0.079,clean,0
2025-10-06 07:10:00,2.9,26.85,7.27,6.06,161.0,0.191,clean,0
2025-10-06 07:20:00,4.15,25.69,7.33,6.59,187.3,0.159,clean,0
2025-10-06 07:30:00,2.3,26.1,7.1,7.15,150.8,0.107,clean,0
2025-10-06 07:40:00,2.97,25.63,7.02,6.79,149.2,0.0,clean,0
2025-10-06 07:50:00,4.77,25.34,7.04,6.29,191.1,0.082,clean,0
2025-10-06 08:00:00,2.37,25.69,7.13,6.63,187.6,0.235,clean,0
2025-10-06 08:10:00,4.81,25.98,7.15,6.38,179.1,0.088,clean,0
2025-10-06 08:20:00,3.71,25.79,7.08,6.5,159.1,0.155,clean,0
2025-10-06 08:30:00,2.44,25.65,7.01,6.34,169.4,0.172,clean,0
2025-10-06 08:40:00,3.63,25.3,7.13,6.42,176.1,0.111,clean,0
2025-10-06 08:50:00,3.97,25.96,7.23,6.61,156.1,0.058,clean,0
2025-10-06 09:00:00,3.62,25.25,7.29,6.0,168.9,0.0,clean,0
2025-10-06 09:10:00,1.43,26.38,7.12,5.99,189.8,0.134,clean,0
2025-10-06 09:20:00,2.27,26.04,7.14,5.81,201.4,0.059,clean,0
2025-10-06 09:30:00,2.75,25.27,7.06,5.7,173.7,0.109,clean,0
2025-10-06 09:40:00,2.93,25.85,7.2,5.89,191.3,0.038,clean,0
2025-10-06 09:50:00,3.62,25.62,7.07,6.58,151.3,0.087,clean,0
2025-10-06 10:00:00,3.18,26.16,7.29,6.05,189.9,0.102,clean,0
2025-10-06 10:10:00,1.66,26.67,6.93,6.76,167.9,0.113,clean,0
2025-10-06 10:20:00,3.38,25.06,7.15,6.52,184.6,0.044,clean,0
2025-10-06 10:30:00,3.61,26.06,7.25,5.52,176.3,0.16,clean,0
2025-10-06 10:40:00,3.56,25.92,7.23,6.83,199.8,0.07,clean,0
2025-10-06 10:50:00,4.08,26.34,7.6,6.91,166.9,0.016,clean,0
2025-10-06 11:00:00,3.83,26.11,7.25,6.0,189.4,0.095,clean,0
2025-10-06 11:10:00,3.46,25.62,7.05,6.71,175.8,0.102,clean,0
2025-10-06 11:20:00,2.93,25.84,7.19,6.07,177.6,0.108,clean,0
2025-10-06 11:30:00,1.34,25.6,6.93,6.55,177.2,0.168,clean,0
2025-10-06 11:40:00,3.43,26.54,7.19,5.87,167.3,0.088,clean,0
2025-10-06 11:50:00,3.21,26.01,7.08,5.6,179.8,0.094,clean,0
2025-10-06 12:00:00,3.27,26.95,7.34,6.31,179.1,0.045,clean,0
2025-10-06 12:10:00,1.72,25.97,7.12,6.44,183.6,0.141,clean,0
2025-10-06 12:20:00,1.92,25.65,7.18,6.3,181.3,0.109,clean,0
2025-10-06 12:30:00,4.05,25.24,7.1,5.91,192.0,0.079,clean,0
2025-10-06 12:40:00,2.96,25.1,7.46,6.3,193.9,0.005,clean,0
2025-10-06 12:50:00,3.68,25.21,7.15,6.63,164.2,0.172,clean,0
2025-10-06 13:00:00,3.03,26.13,7.47,6.48,193.0,0.039,clean,0
2025-10-06 13:10:00,3.03,26.25,7.32,6.59,162.2,0.07,clean,0
2025-10-06 13:20:00,3.94,25.21,7.27,6.16,188.8,0.118,clean,0
2025-10-06 13:30:00,2.48,26.45,7.26,7.09,189.3,0.04,clean,0
2025-10-06 13:40:00,3.1,25.76,7.26,5.91,151.3,0.025,clean,0
2025-10-06 13:50:00,2.54,26.07,6.91,6.74,181.4,0.0,clean,0
2025-10-06 14:00:00,2.57,26.81,7.16,7.09,173.0,0.136,clean,0
2025-10-06 14:10:00,2.69,26.45,7.33,6.74,168.6,0.073,clean,0
2025-10-06 14:20:00,3.22,25.87,7.19,6.4,200.3,0.246,clean,0
2025-10-06 14:30:00,2.52,25.55,6.99,6.24,170.2,0.05,clean,0
2025-10-06 14:40:00,4.26,24.92,7.19,7.02,167.9,0.054,clean,0
2025-10-06 14:50:00,2.11,25.64,7.46,5.79,181.1,0.072,clean,0
2025-10-06 15:00:00,2.81,25.89,7.39,6.01,190.3,0.112,clean,0
2025-10-06 15:10:00,2.56,25.51,7.19,6.3,177.9,0.076,clean,0
2025-10-06 15:20:00,4.45,25.93,7.34,7.12,197.5,0.131,clean,0
2025-10-06 15:30:00,3.2,26.04,7.15,6.69,188.0,0.051,clean,0
2025-10-06 15:40:00,4.03,25.89,6.94,6.02,147.3,0.031,clean,0
2025-10-06 15:50:00,1.51,25.67,7.06,6.34,172.1,0.01,clean,0
2025-10-06 16:00:00,3.27,26.08,7.43,6.19,171.6,0.0,clean,0
2025-10-06 16:10:00,3.89,26.22,7.16,6.15,187.2,0.074,clean,0
2025-10-06 16:20:00,3.08,25.45,7.16,6.99,140.6,0.085,clean,0
2025-10-06 16:30:00,4.07,26.71,7.16,5.81,218.2,0.068,clean,0
2025-10-06 16:40:00,2.48,25.95,7.49,7.3,188.0,0.162,clean,0
2025-10-06 16:50:00,4.41,26.01,7.44,6.91,182.2,0.161,clean,0
2025-10-06 17:00:00,5.3,26.35,7.53,7.05,197.7,0.083,clean,0
2025-10-06 17:10:00,2.64,26.12,7.18,6.27,215.2,0.01,clean,0
2025-10-06 17:20:00,2.55,26.48,7.24,6.43,193.1,0.072,clean,0
2025-10-06 17:30:00,4.45,26.14,6.97,5.78,194.2,0.07,clean,0
2025-10-06 17:40:00,4.58,25.69,7.42,6.24,182.0,0.067,clean,0
2025-10-06 17:50:00,2.48,26.18,7.02,6.75,177.9,0.065,clean,0
2025-10-06 18:00:00,2.58,25.43,7.23,7.15,172.9,0.067,clean,0
2025-10-06 18:10:00,2.72,26.05,7.04,5.95,167.6,0.081,clean,0
2025-10-06 18:20:00,1.66,25.98,7.11,6.32,169.7,0.068,clean,0
2025-10-06 18:30:00,2.08,25.9,7.07,6.42,159.7,0.11,clean,0
2025-10-06 18:40:00,2.0,25.94,7.11,5.8,178.9,0.118,clean,0
2025-10-06 18:50:00,2.23,25.06,7.12,6.8,154.7,0.054,clean,0
2025-10-06 19:00:00,2.97,25.73,7.12,6.14,182.9,0.164,clean,0
2025-10-06 19:10:00,3.23,26.05,7.33,6.4,179.5,0.051,clean,0
2025-10-06 19:20:00,4.55,26.08,7.03,6.27,182.2,0.019,clean,0
2025-10-06 19:30:00,2.0,25.49,7.23,6.11,172.2,0.119,clean,0
2025-10-06 19:40:00,3.98,26.63,7.38,6.5,226.2,0.059,clean,0
2025-10-06 19:50:00,2.79,25.57,7.12,6.39,200.4,0.116,clean,0
2025-10-06 20:00:00,2.95,26.48,7.09,6.31,161.3,0.0,clean,0
2025-10-06 20:10:00,3.67,26.21,7.17,6.14,183.5,0.17,clean,0
2025-10-06 20:20:00,1.88,25.68,7.38,6.66,170.9,0.134,clean,0
2025-10-06 20:30:00,3.38,26.89,7.23,7.33,164.8,0.025,clean,0
2025-10-06 20:40:00,3.17,25.4,7.12,6.57,159.9,0.026,clean,0
2025-10-06 20:50:00,3.49,26.46,7.27,7.0,186.5,0.184,clean,0
2025-10-06 21:00:00,3.29,26.5,7.03,5.8,169.8,0.063,clean,0
2025-10-06 21:10:00,5.46,25.66,7.3,6.58,194.5,0.058,clean,0
2025-10-06 21:20:00,2.36,26.7,7.26,5.95,194.9,0.0,clean,0
2025-10-06 21:30:00,2.47,25.87,7.15,5.76,200.6,0.082,clean,0
2025-10-06 21:40:00,2.38,26.14,7.07,6.13,167.2,0.089,clean,0
2025-10-06 21:50:00,2.44,26.13,7.07,7.1,187.1,0.136,clean,0
2025-10-06 22:00:00,2.36,25.93,7.28,6.98,189.5,0.03,clean,0
2025-10-06 22:10:00,4.19,26.41,7.38,6.62,172.9,0.024,clean,0
2025-10-06 22:20:00,4.42,26.4,7.1,5.73,168.4,0.123,clean,0
2025-10-06 22:30:00,2.43,25.13,7.27,6.4,204.1,0.15,clean,0
2025-10-06 22:40:00,2.17,26.65,6.89,6.65,183.4,0.021,clean,0
2025-10-06 22:50:00,3.47,25.17,7.11,6.59,189.5,0.154,clean,0
2025-10-06 23:00:00,2.45,26.52,7.2,5.58,167.7,0.102,clean,0
2025-10-06 23:10:00,3.63,26.56,7.06,6.05,161.7,0.155,clean,0
2025-10-06 23:20:00,3.2,25.45,7.06,6.47,171.5,0.096,clean,0
2025-10-06 23:30:00,1.48,25.79,7.1,6.77,178.1,0.0,clean,0
2025-10-06 23:40:00,4.55,25.45,7.24,5.4,164.0,0.092,clean,0
2025-10-06 23:50:00,4.8,25.89,7.17,6.42,179.9,0.153,clean,0
2025-10-07 00:00:00,2.39,25.85,6.86,6.57,154.7,0.055,clean,0
2025-10-07 00:10:00,2.61,26.39,6.88,6.92,163.2,0.081,clean,0
2025-10-07 00:20:00,3.29,26.66,7.11,6.85,190.1,0.091,clean,0
2025-10-07 00:30:00,3.33,26.7,7.27,6.79,189.1,0.0,clean,0
2025-10-07 00:40:00,3.66,25.72,6.79,6.1,174.1,0.184,clean,0
2025-10-07 00:50:00,5.01,25.9,7.13,5.55,164.7,0.055,clean,0
2025-10-07 01:00:00,2.82,25.16,7.12,6.3,164.6,0.125,clean,0
2025-10-07 01:10:00,2.2,25.6,7.41,7.0,174.4,0.096,clean,0
2025-10-07 01:20:00,1.62,26.48,7.14,7.2,189.7,0.163,clean,0
2025-10-07 01:30:00,2.27,26.81,7.26,6.86,193.9,0.12,clean,0
2025-10-07 01:40:00,2.97,25.38,7.22,6.71,172.6,0.088,clean,0
2025-10-07 01:50:00,4.79,25.7,6.88,6.69,162.7,0.055,clean,0
2025-10-07 02:00:00,2.48,25.99,7.32,6.22,184.0,0.14,clean,0
2025-10-07 02:10:00,3.22,26.14,7.23,6.43,167.6,0.006,clean,0
2025-10-07 02:20:00,2.98,25.6,7.28,7.33,172.2,0.132,clean,0
2025-10-07 02:30:00,4.19,26.21,7.79,6.03,199.9,0.045,clean,0
2025-10-07 02:40:00,5.53,25.76,6.89,7.31,192.4,0.163,clean,0
2025-10-07 02:50:00,2.47,25.99,7.46,6.34,182.4,0.108,clean,0
2025-10-07 03:00:00,2.51,26.27,7.16,7.16,160.9,0.132,clean,0
2025-10-07 03:10:00,4.04,26.0,7.24,5.8,183.2,0.104,clean,0
2025-10-07 03:20:00,3.68,25.78,7.19,6.79,195.9,0.012,clean,0
2025-10-07 03:30:00,4.85,25.95,7.14,6.13,174.4,0.057,clean,0
2025-10-07 03:40:00,3.58,25.96,7.11,5.79,200.3,0.134,clean,0
2025-10-07 03:50:00,2.64,25.81,7.25,6.61,199.4,0.108,clean,0
2025-10-07 04:00:00,3.59,25.87,6.97,7.0,205.0,0.159,clean,0
2025-10-07 04:10:00,4.11,26.8,7.31,6.08,184.6,0.12,clean,0
2025-10-07 04:20:00,3.82,26.28,7.14,5.75,188.8,0.052,clean,0
2025-10-07 04:30:00,3.51,25.85,7.03,6.45,201.2,0.06,clean,0
2025-10-07 04:40:00,4.07,26.35,7.13,6.46,186.7,0.105,clean,0
2025-10-07 04:50:00,4.17,25.83,7.39,6.77,172.5,0.0,clean,0
2025-10-07 05:00:00,4.38,26.59,7.12,6.97,173.3,0.184,clean,0
2025-10-07 05:10:00,3.65,26.18,7.25,6.47,183.6,0.122,clean,0
2025-10-07 05:20:00,2.83,25.95,7.09,7.43,160.6,0.161,clean,0
2025-10-07 05:30:00,3.15,26.22,7.31,6.61,177.9,0.021,clean,0
2025-10-07 05:40:00,4.21,25.21,7.3,6.33,196.4,0.162,clean,0
2025-10-07 05:50:00,2.18,25.44,7.48,5.69,147.1,0.212,clean,0
2025-10-07 06:00:00,3.37,25.4,7.17,6.37,203.0,0.034,clean,0
2025-10-07 06:10:00,2.61,26.07,7.3,6.33,196.8,0.139,clean,0
2025-10-07 06:20:00,3.03,26.87,7.21,6.98,173.1,0.1,clean,0
2025-10-07 06:30:00,4.28,27.12,7.39,6.73,188.2,0.023,clean,0
2025-10-07 06:40:00,3.19,26.32,7.09,5.91,180.0,0.125,clean,0
2025-10-07 06:50:00,3.05,26.25,7.31,6.59,198.4,0.142,clean,0
2025-10-07 07:00:00,1.64,25.1,7.17,6.84,194.7,0.07,clean,0
2025-10-07 07:10:00,3.75,25.73,7.19,7.26,159.0,0.158,clean,0
2025-10-07 07:20:00,3.65,25.61,7.21,6.94,188.8,0.017,clean,0
2025-10-07 07:30:00,5.16,25.69,7.24,6.88,176.9,0.025,clean,0
2025-10-07 07:40:00,2.69,25.92,7.18,6.53,181.2,0.107,clean,0
2025-10-07 07:50:00,3.22,25.76,7.23,6.69,169.1,0.101,clean,0
2025-10-07 08:00:00,3.25,25.01,7.44,7.12,206.2,0.064,clean,0
2025-10-07 08:10:00,4.58,26.37,7.35,5.83,195.6,0.14,clean,0
2025-10-07 08:20:00,2.9,25.46,7.33,6.33,168.9,0.127,clean,0
2025-10-07 08:30:00,3.28,26.12,7.13,6.11,160.0,0.143,clean,0
2025-10-07 08:40:00,3.61,27.04,7.07,6.69,174.2,0.094,clean,0
2025-10-07 08:50:00,3.19,25.54,7.34,7.12,186.5,0.13,clean,0
2025-10-07 09:00:00,2.55,24.73,7.33,6.2,183.6,0.078,clean,0
2025-10-07 09:10:00,3.19,25.86,7.42,5.3,198.8,0.203,clean,0
2025-10-07 09:20:00,4.07,26.55,7.11,6.29,191.8,0.059,clean,0
2025-10-07 09:30:00,1.97,26.98,7.17,6.96,194.5,0.205,clean,0
2025-10-07 09:40:00,3.13,25.39,6.95,6.77,184.9,0.102,clean,0
2025-10-07 09:50:00,2.3,26.25,7.14,6.71,159.2,0.031,clean,0
2025-10-07 10:00:00,4.2,25.77,7.35,6.36,177.1,0.168,clean,0
2025-10-07 10:10:00,1.48,25.95,7.13,5.86,195.9,0.106,clean,0
2025-10-07 10:20:00,2.44,27.32,7.3,6.76,179.2,0.143,clean,0
2025-10-07 10:30:00,3.38,25.25,7.17,6.08,187.5,0.161,clean,0
2025-10-07 10:40:00,4.57,26.13,7.25,7.59,175.2,0.117,clean,0
2025-10-07 10:50:00,2.93,26.23,7.03,6.79,164.6,0.07,clean,0
2025-10-07 11:00:00,2.44,26.54,7.21,6.21,178.1,0.149,clean,0
2025-10-07 11:10:00,4.88,26.05,6.75,6.19,184.6,0.1,clean,0
2025-10-07 11:20:00,1.55,26.15,7.17,6.45,170.2,0.134,clean,0
2025-10-07 11:30:00,0.8,25.8,6.96,6.38,176.5,0.0,clean,0
2025-10-07 11:40:00,3.44,26.13,7.38,7.06,165.9,0.122,clean,0
2025-10-07 11:50:00,2.5,25.83,7.32,6.59,196.8,0.068,clean,0
2025-10-07 12:00:00,1.98,26.31,7.27,6.13,175.6,0.183,clean,0
2025-10-07 12:10:00,3.71,25.82,7.43,7.45,201.8,0.131,clean,0
2025-10-07 12:20:00,3.24,26.19,7.06,6.52,202.9,0.112,clean,0
2025-10-07 12:30:00,2.44,25.99,7.46,6.88,178.8,0.124,clean,0
2025-10-07 12:40:00,1.72,26.56,7.34,6.2,164.9,0.05,clean,0
2025-10-07 12:50:00,3.87,25.97,7.16,6.68,148.7,0.181,clean,0
2025-10-07 13:00:00,3.65,25.11,7.37,6.66,157.9,0.2,clean,0
2025-10-07 13:10:00,2.9,26.63,7.03,5.56,159.4,0.12,clean,0
2025-10-07 13:20:00,4.85,25.55,7.08,7.51,200.7,0.18,clean,0
2025-10-07 13:30:00,1.93,25.67,7.11,7.15,181.7,0.072,clean,0
2025-10-07 13:40:00,1.47,25.7,7.12,6.3,185.8,0.06,clean,0
2025-10-07 13:50:00,2.31,26.69,7.04,5.95,146.7,0.102,clean,0
2025-10-07 14:00:00,2.95,24.93,7.38,6.67,162.0,0.122,clean,0
2025-10-07 14:10:00,3.24,27.57,7.16,6.54,193.3,0.08,clean,0
2025-10-07 14:20:00,2.76,26.53,7.25,6.68,184.3,0.127,clean,0
2025-10-07 14:30:00,3.35,26.11,7.11,6.6,177.8,0.115,clean,0
2025-10-07 14:40:00,1.75,25.97,6.93,6.75,188.5,0.05,clean,0
2025-10-07 14:50:00,4.44,26.14,7.24,7.22,204.5,0.126,clean,0
2025-10-07 15:00:00,2.92,26.26,6.91,6.78,176.7,0.143,clean,0
2025-10-07 15:10:00,4.12,26.32,7.19,5.98,181.0,0.109,clean,0
2025-10-07 15:20:00,3.34,26.28,6.99,7.18,182.9,0.158,clean,0
2025-10-07 15:30:00,3.46,26.04,7.5,7.32,215.9,0.039,clean,0
2025-10-07 15:40:00,3.57,25.9,7.34,8.08,148.5,0.123,clean,0
2025-10-07 15:50:00,3.45,25.92,7.22,5.94,190.2,0.041,clean,0
2025-10-07 16:00:00,3.64,25.9,7.39,6.62,178.3,0.044,clean,0
2025-10-07 16:10:00,4.33,26.57,7.07,5.46,188.5,0.068,clean,0
2025-10-07 16:20:00,3.2,26.3,7.28,6.78,170.1,0.053,clean,0
2025-10-07 16:30:00,3.71,24.53,7.23,6.23,179.3,0.073,clean,0
2025-10-07 16:40:00,2.91,26.33,7.24,7.46,190.7,0.089,clean,0
2025-10-07 16:50:00,4.44,26.1,7.39,6.11,226.7,0.142,clean,0
2025-10-07 17:00:00,2.32,25.99,7.31,5.66,192.1,0.084,clean,0
2025-10-07 17:10:00,4.8,25.81,7.24,6.26,167.3,0.021,clean,0
2025-10-07 17:20:00,2.96,26.56,6.95,5.51,173.6,0.157,clean,0
2025-10-07 17:30:00,1.57,26.47,7.06,6.88,173.2,0.058,clean,0
2025-10-07 17:40:00,3.13,25.61,7.18,5.47,153.1,0.097,clean,0
2025-10-07 17:50:00,2.32,26.2,7.21,6.51,175.0,0.122,clean,0
2025-10-07 18:00:00,3.84,25.51,7.03,5.46,191.0,0.11,clean,0
2025-10-07 18:10:00,2.35,25.31,7.56,6.34,160.9,0.155,clean,0
2025-10-07 18:20:00,2.55,25.69,7.43,7.32,195.7,0.124,clean,0
2025-10-07 18:30:00,1.11,26.43,7.29,6.68,187.3,0.057,clean,0
2025-10-07 18:40:00,2.55,26.48,7.21,6.07,169.0,0.209,clean,0
2025-10-07 18:50:00,0.58,26.26,7.17,6.48,177.9,0.11,clean,0
2025-10-07 19:00:00,1.42,26.36,7.06,6.51,204.0,0.093,clean,0
2025-10-07 19:10:00,3.76,26.26,7.21,6.74,191.0,0.148,clean,0
2025-10-07 19:20:00,3.79,25.68,7.24,5.82,180.1,0.112,clean,0
2025-10-07 19:30:00,3.43,26.22,7.01,6.8,176.4,0.12,clean,0
2025-10-07 19:40:00,2.03,26.4,7.25,5.15,181.1,0.225,clean,0
2025-10-07 19:50:00,2.95,26.38,7.18,6.19,172.3,0.086,clean,0
2025-10-07 20:00:00,3.0,26.59,6.91,6.26,148.4,0.084,clean,0
2025-10-07 20:10:00,1.84,26.35,7.07,6.82,210.6,0.106,clean,0
2025-10-07 20:20:00,4.5,26.18,7.14,6.51,182.3,0.154,clean,0
2025-10-07 20:30:00,3.88,26.54,7.48,5.8,186.0,0.025,clean,0
2025-10-07 20:40:00,2.78,25.99,7.28,6.01,179.1,0.002,clean,0
2025-10-07 20:50:00,3.03,25.56,7.0,6.6,169.0,0.071,clean,0
2025-10-07 21:00:00,3.21,25.92,7.27,6.46,177.2,0.018,clean,0
2025-10-07 21:10:00,0.96,25.63,6.97,6.21,156.0,0.079,clean,0
2025-10-07 21:20:00,2.75,25.66,7.36,6.26,214.2,0.125,clean,0
2025-10-07 21:30:00,2.32,25.93,7.13,6.85,161.5,0.055,clean,0
2025-10-07 21:40:00,2.0,25.6,7.19,6.24,164.5,0.029,clean,0
2025-10-07 21:50:00,2.72,25.85,7.4,6.46,173.4,0.103,clean,0
2025-10-07 22:00:00,4.8,25.05,7.01,7.58,199.3,0.143,clean,0
2025-10-07 22:10:00,3.64,26.11,6.99,5.79,180.2,0.015,clean,0
2025-10-07 22:20:00,2.43,26.0,7.11,5.57,161.5,0.141,clean,0
2025-10-07 22:30:00,3.57,25.59,7.36,6.89,198.8,0.141,clean,0
2025-10-07 22:40:00,4.4,26.33,6.97,6.16,191.0,0.148,clean,0
2025-10-07 22:50:00,3.92,26.47,6.78,6.34,188.1,0.161,clean,0
2025-10-07 23:00:00,3.06,25.2,7.13,6.11,190.7,0.21,clean,0
2025-10-07 23:10:00,2.35,25.62,7.28,6.37,215.9,0.082,clean,0
2025-10-07 23:20:00,3.7,25.62,7.38,7.3,212.8,0.105,clean,0
2025-10-07 23:30:00,3.39,25.53,7.13,6.9,169.7,0.079,clean,0
2025-10-07 23:40:00,3.9,26.41,7.14,6.93,204.4,0.1,clean,0
2025-10-07 23:50:00,3.64,25.9,7.37,5.79,185.7,0.177,clean,0
